fips,state,county,cattle_sold,slaughter_sold
01001,AL,AUTAUGA,7880.0,
01003,AL,BALDWIN,8960.0,
01005,AL,BARBOUR,16829.0,
01007,AL,BIBB,2306.0,
01009,AL,BLOUNT,14059.0,
01011,AL,BULLOCK,4776.0,
01013,AL,BUTLER,8085.0,
01015,AL,CALHOUN,6226.0,
01017,AL,CHAMBERS,23754.0,
01019,AL,CHEROKEE,4928.0,
01021,AL,CHILTON,7304.0,
01023,AL,CHOCTAW,2281.0,
01025,AL,CLARKE,1719.0,
01027,AL,CLAY,9195.0,
01029,AL,CLEBURNE,5920.0,
01031,AL,COFFEE,17253.0,
01033,AL,COLBERT,5206.0,
01035,AL,CONECUH,7082.0,
01037,AL,COOSA,1248.0,
01039,AL,COVINGTON,17436.0,
01041,AL,CRENSHAW,16527.0,
01043,AL,CULLMAN,25184.0,
01045,AL,DALE,7313.0,
01047,AL,DALLAS,15912.0,
01049,AL,DE KALB,28870.0,
01051,AL,ELMORE,3859.0,
01053,AL,ESCAMBIA,4607.0,
01055,AL,ETOWAH,10456.0,
01057,AL,FAYETTE,2307.0,
01059,AL,FRANKLIN,10359.0,
01061,AL,GENEVA,16607.0,
01063,AL,GREENE,3955.0,
01065,AL,HALE,14715.0,
01067,AL,HENRY,6431.0,
01069,AL,HOUSTON,12470.0,
01071,AL,JACKSON,18489.0,
01073,AL,JEFFERSON,2006.0,
01075,AL,LAMAR,1978.0,
01077,AL,LAUDERDALE,10548.0,
01079,AL,LAWRENCE,16635.0,
01081,AL,LEE,3239.0,
01083,AL,LIMESTONE,12654.0,
01085,AL,LOWNDES,19992.0,
01087,AL,MACON,3421.0,
01089,AL,MADISON,5737.0,
01091,AL,MARENGO,14640.0,
01093,AL,MARION,6363.0,
01095,AL,MARSHALL,17332.0,
01097,AL,MOBILE,9978.0,
01099,AL,MONROE,7243.0,
01101,AL,MONTGOMERY,24332.0,
01103,AL,MORGAN,12677.0,
01105,AL,PERRY,6767.0,
01107,AL,PICKENS,9701.0,
01109,AL,PIKE,10305.0,
01111,AL,RANDOLPH,13176.0,
01113,AL,RUSSELL,4918.0,
01115,AL,SAINT CLAIR,5608.0,
01117,AL,SHELBY,2230.0,
01119,AL,SUMTER,12827.0,
01121,AL,TALLADEGA,5641.0,
01123,AL,TALLAPOOSA,4174.0,
01125,AL,TUSCALOOSA,3604.0,
01127,AL,WALKER,2972.0,
01129,AL,WASHINGTON,3785.0,
01131,AL,WILCOX,8242.0,
01133,AL,WINSTON,4481.0,
04001,AZ,APACHE,14413.0,
04003,AZ,COCHISE,52067.0,151.0
04005,AZ,COCONINO,24934.0,
04007,AZ,GILA,6784.0,
04009,AZ,GRAHAM,7462.0,
04011,AZ,GREENLEE,1527.0,
04012,AZ,LAPAZ,,
04013,AZ,MARICOPA,93545.0,
04015,AZ,MOHAVE,,
04017,AZ,NAVAJO,,
04019,AZ,PIMA,9720.0,
04021,AZ,PINAL,251689.0,
04023,AZ,SANTA CRUZ,,
04025,AZ,YAVAPAI,20751.0,404.0
04027,AZ,YUMA,,
05001,AR,ARKANSAS,669.0,
05003,AR,ASHLEY,1192.0,
05005,AR,BAXTER,10283.0,
05007,AR,BENTON,42713.0,
05009,AR,BOONE,30407.0,
05011,AR,BRADLEY,2344.0,
05013,AR,CALHOUN,883.0,
05015,AR,CARROLL,36393.0,
05017,AR,CHICOT,1451.0,
05019,AR,CLARK,3869.0,
05021,AR,CLAY,4499.0,
05023,AR,CLEBURNE,13798.0,
05025,AR,CLEVELAND,1940.0,
05027,AR,COLUMBIA,3570.0,
05029,AR,CONWAY,13377.0,
05031,AR,CRAIGHEAD,1287.0,
05033,AR,CRAWFORD,17230.0,
05035,AR,CRITTENDEN,192.0,
05037,AR,CROSS,749.0,
05039,AR,DALLAS,569.0,
05041,AR,DESHA,64.0,
05043,AR,DREW,6488.0,
05045,AR,FAULKNER,19886.0,
05047,AR,FRANKLIN,31573.0,
05049,AR,FULTON,32604.0,
05051,AR,GARLAND,2066.0,
05053,AR,GRANT,5211.0,
05055,AR,GREENE,2242.0,
05057,AR,HEMPSTEAD,32793.0,
05059,AR,HOT SPRING,6739.0,
05061,AR,HOWARD,14487.0,
05063,AR,INDEPENDENCE,25224.0,
05065,AR,IZARD,17215.0,
05067,AR,JACKSON,1508.0,
05069,AR,JEFFERSON,2837.0,
05071,AR,JOHNSON,13090.0,
05073,AR,LAFAYETTE,16052.0,
05075,AR,LAWRENCE,6404.0,
05077,AR,LEE,434.0,
05079,AR,LINCOLN,2469.0,
05081,AR,LITTLE RIVER,17745.0,
05083,AR,LOGAN,31881.0,
05085,AR,LONOKE,6967.0,
05087,AR,MADISON,31901.0,
05089,AR,MARION,13053.0,
05091,AR,MILLER,7433.0,
05093,AR,MISSISSIPPI,324.0,
05095,AR,MONROE,247.0,
05097,AR,MONTGOMERY,7077.0,
05099,AR,NEVADA,9671.0,
05101,AR,NEWTON,7700.0,
05103,AR,OUACHITA,771.0,
05105,AR,PERRY,5302.0,
05107,AR,PHILLIPS,1121.0,
05109,AR,PIKE,8538.0,
05111,AR,POINSETT,897.0,
05113,AR,POLK,12995.0,
05115,AR,POPE,18790.0,
05117,AR,PRAIRIE,2133.0,
05119,AR,PULASKI,3019.0,
05121,AR,RANDOLPH,17678.0,
05123,AR,SAINT FRANCIS,407.0,
05125,AR,SALINE,2843.0,
05127,AR,SCOTT,11704.0,
05129,AR,SEARCY,15969.0,
05131,AR,SEBASTIAN,16353.0,
05133,AR,SEVIER,20136.0,
05135,AR,SHARP,13628.0,
05137,AR,STONE,13580.0,
05139,AR,UNION,3354.0,
05141,AR,VAN BUREN,11632.0,
05143,AR,WASHINGTON,48871.0,
05145,AR,WHITE,24500.0,
05147,AR,WOODRUFF,89.0,
05149,AR,YELL,17353.0,
06001,CA,ALAMEDA,7787.0,101.0
06003,CA,ALPINE,,
06005,CA,AMADOR,6413.0,
06007,CA,BUTTE,15609.0,742.0
06009,CA,CALAVERAS,13965.0,362.0
06011,CA,COLUSA,14489.0,644.0
06013,CA,CONTRA COSTA,12728.0,
06015,CA,DEL NORTE,2915.0,
06017,CA,EL DORADO,5354.0,
06019,CA,FRESNO,535177.0,
06021,CA,GLENN,44482.0,
06023,CA,HUMBOLDT,29979.0,
06025,CA,IMPERIAL,378021.0,326189.0
06027,CA,INYO,7510.0,
06029,CA,KERN,204840.0,
06031,CA,KINGS,233925.0,
06033,CA,LAKE,1549.0,
06035,CA,LASSEN,25101.0,
06037,CA,LOS ANGELES,1541.0,
06039,CA,MADERA,97387.0,342.0
06041,CA,MARIN,9062.0,85.0
06043,CA,MARIPOSA,25919.0,81.0
06045,CA,MENDOCINO,7282.0,261.0
06047,CA,MERCED,231400.0,837.0
06049,CA,MODOC,30890.0,1721.0
06051,CA,MONO,,
06053,CA,MONTEREY,35745.0,553.0
06055,CA,NAPA,6231.0,
06057,CA,NEVADA,2028.0,
06059,CA,ORANGE,,
06061,CA,PLACER,10081.0,
06063,CA,PLUMAS,6188.0,
06065,CA,RIVERSIDE,14815.0,
06067,CA,SACRAMENTO,21745.0,56.0
06069,CA,SAN BENITO,21003.0,1278.0
06071,CA,SAN BERNARDINO,41469.0,
06073,CA,SAN DIEGO,6758.0,
06077,CA,SAN JOAQUIN,146983.0,1869.0
06079,CA,SAN LUIS OBISPO,24860.0,279.0
06081,CA,SAN MATEO,1325.0,
06083,CA,SANTA BARBARA,21448.0,
06085,CA,SANTA CLARA,5035.0,41.0
06087,CA,SANTA CRUZ,477.0,
06089,CA,SHASTA,20535.0,871.0
06091,CA,SIERRA,4051.0,
06093,CA,SISKIYOU,28888.0,1666.0
06095,CA,SOLANO,22330.0,
06097,CA,SONOMA,22556.0,577.0
06099,CA,STANISLAUS,229458.0,915.0
06101,CA,SUTTER,2272.0,
06103,CA,TEHAMA,31595.0,
06105,CA,TRINITY,1122.0,
06107,CA,TULARE,652928.0,
06109,CA,TUOLUMNE,8380.0,52.0
06111,CA,VENTURA,2255.0,200.0
06113,CA,YOLO,26462.0,
06115,CA,YUBA,8680.0,
08001,CO,ADAMS,6932.0,426.0
08003,CO,ALAMOSA,5679.0,
08005,CO,ARAPAHOE,5167.0,
08007,CO,ARCHULETA,7479.0,71.0
08009,CO,BACA,37582.0,
08011,CO,BENT,15786.0,710.0
08013,CO,BOULDER,1715.0,89.0
08015,CO,CHAFFEE,3327.0,
08017,CO,CHEYENNE,19993.0,
08019,CO,CLEAR CREEK,,
08021,CO,CONEJOS,11806.0,144.0
08023,CO,COSTILLA,2359.0,
08025,CO,CROWLEY,86621.0,
08027,CO,CUSTER,1629.0,
08029,CO,DELTA,17907.0,377.0
08033,CO,DOLORES,2256.0,
08035,CO,DOUGLAS,4079.0,
08037,CO,EAGLE,2653.0,
08039,CO,ELBERT,26158.0,174.0
08041,CO,EL PASO,10405.0,
08043,CO,FREMONT,5447.0,
08045,CO,GARFIELD,12655.0,116.0
08047,CO,GILPIN,,
08049,CO,GRAND,8686.0,
08051,CO,GUNNISON,13387.0,354.0
08053,CO,HINSDALE,144.0,
08055,CO,HUERFANO,7464.0,
08057,CO,JACKSON,33935.0,801.0
08059,CO,JEFFERSON,1013.0,
08061,CO,KIOWA,11418.0,
08063,CO,KIT CARSON,293384.0,246408.0
08065,CO,LAKE,655.0,
08067,CO,LA PLATA,11000.0,380.0
08069,CO,LARIMER,62642.0,
08071,CO,LAS ANIMAS,25475.0,230.0
08073,CO,LINCOLN,31850.0,1897.0
08075,CO,LOGAN,364508.0,282526.0
08077,CO,MESA,17186.0,
08079,CO,MINERAL,604.0,
08081,CO,MOFFAT,21690.0,994.0
08083,CO,MONTEZUMA,9447.0,
08085,CO,MONTROSE,22895.0,175.0
08087,CO,MORGAN,277430.0,205232.0
08089,CO,OTERO,55018.0,34571.0
08091,CO,OURAY,2474.0,
08093,CO,PARK,5295.0,
08095,CO,PHILLIPS,38689.0,25380.0
08097,CO,PITKIN,3149.0,
08099,CO,PROWERS,195497.0,167523.0
08101,CO,PUEBLO,19404.0,1188.0
08103,CO,RIO BLANCO,15433.0,465.0
08105,CO,RIO GRANDE,6901.0,
08107,CO,ROUTT,30136.0,112.0
08109,CO,SAGUACHE,13343.0,99.0
08113,CO,SAN MIGUEL,4061.0,
08115,CO,SEDGWICK,13660.0,
08117,CO,SUMMIT,2039.0,
08119,CO,TELLER,1337.0,
08121,CO,WASHINGTON,71559.0,36853.0
08123,CO,WELD,596087.0,410107.0
08125,CO,YUMA,401029.0,342212.0
09001,CT,FAIRFIELD,88.0,
09003,CT,HARTFORD,960.0,
09005,CT,LITCHFIELD,4018.0,
09007,CT,MIDDLESEX,160.0,
09009,CT,NEW HAVEN,360.0,
09011,CT,NEW LONDON,4222.0,370.0
09013,CT,TOLLAND,2703.0,67.0
09015,CT,WINDHAM,3829.0,
10001,DE,KENT,2639.0,
10003,DE,NEW CASTLE,642.0,
10005,DE,SUSSEX,1540.0,
12001,FL,ALACHUA,21411.0,
12003,FL,BAKER,1591.0,
12005,FL,BAY,641.0,
12007,FL,BRADFORD,3539.0,
12009,FL,BREVARD,12157.0,
12011,FL,BROWARD,,
12013,FL,CALHOUN,784.0,
12015,FL,CHARLOTTE,5724.0,
12017,FL,CITRUS,4320.0,
12019,FL,CLAY,3193.0,
12021,FL,COLLIER,4568.0,
12023,FL,COLUMBIA,9794.0,
12027,FL,DE SOTO,34130.0,
12029,FL,DIXIE,1621.0,
12031,FL,DUVAL,1288.0,
12033,FL,ESCAMBIA,5252.0,
12035,FL,FLAGLER,2372.0,
12037,FL,FRANKLIN,161.0,
12039,FL,GADSDEN,1795.0,
12041,FL,GILCHRIST,19491.0,
12043,FL,GLADES,29999.0,
12045,FL,GULF,581.0,
12047,FL,HAMILTON,4128.0,
12049,FL,HARDEE,41507.0,
12051,FL,HENDRY,31735.0,
12053,FL,HERNANDO,5224.0,
12055,FL,HIGHLANDS,36564.0,
12057,FL,HILLSBOROUGH,13950.0,
12059,FL,HOLMES,7493.0,
12061,FL,INDIAN RIVER,8166.0,
12063,FL,JACKSON,18405.0,
12065,FL,JEFFERSON,14403.0,
12067,FL,LAFAYETTE,11182.0,
12069,FL,LAKE,9822.0,
12071,FL,LEE,4653.0,
12073,FL,LEON,738.0,
12075,FL,LEVY,24667.0,
12077,FL,LIBERTY,529.0,
12079,FL,MADISON,14429.0,
12081,FL,MANATEE,17938.0,
12083,FL,MARION,18717.0,
12085,FL,MARTIN,12924.0,
12086,FL,MIAMI-DADE,2634.0,
12087,FL,MONROE,,
12089,FL,NASSAU,2018.0,
12091,FL,OKALOOSA,1070.0,
12093,FL,OKEECHOBEE,71325.0,
12095,FL,ORANGE,10035.0,
12097,FL,OSCEOLA,54134.0,
12099,FL,PALM BEACH,3304.0,
12101,FL,PASCO,12868.0,
12103,FL,PINELLAS,58.0,
12105,FL,POLK,44675.0,
12107,FL,PUTNAM,6670.0,
12109,FL,ST. JOHNS,295.0,
12111,FL,ST. LUCIE,14016.0,
12113,FL,SANTA ROSA,2910.0,
12115,FL,SARASOTA,7586.0,
12117,FL,SEMINOLE,1618.0,
12119,FL,SUMTER,16709.0,
12121,FL,SUWANNEE,15319.0,
12123,FL,TAYLOR,2187.0,
12125,FL,UNION,2954.0,
12127,FL,VOLUSIA,4308.0,
12129,FL,WAKULLA,590.0,
12131,FL,WALTON,3149.0,
12133,FL,WASHINGTON,2850.0,
13001,GA,APPLING,2443.0,
13003,GA,ATKINSON,4022.0,
13005,GA,BACON,3134.0,
13007,GA,BAKER,3143.0,
13009,GA,BALDWIN,1018.0,
13011,GA,BANKS,6411.0,
13013,GA,BARROW,3227.0,
13015,GA,BARTOW,13155.0,
13017,GA,BEN HILL,804.0,
13019,GA,BERRIEN,5337.0,
13021,GA,BIBB,412.0,
13023,GA,BLECKLEY,793.0,
13025,GA,BRANTLEY,911.0,
13027,GA,BROOKS,7470.0,
13029,GA,BRYAN,604.0,
13031,GA,BULLOCH,2426.0,
13033,GA,BURKE,9310.0,
13035,GA,BUTTS,2119.0,
13037,GA,CALHOUN,2341.0,
13039,GA,CAMDEN,172.0,
13043,GA,CANDLER,1408.0,
13045,GA,CARROLL,11584.0,
13047,GA,CATOOSA,1931.0,
13049,GA,CHARLTON,750.0,
13051,GA,CHATHAM,74.0,
13055,GA,CHATTOOGA,2933.0,
13057,GA,CHEROKEE,1315.0,
13059,GA,CLARKE,263.0,
13061,GA,CLAY,1544.0,
13063,GA,CLAYTON,,
13065,GA,CLINCH,,
13067,GA,COBB,,
13069,GA,COFFEE,6276.0,
13071,GA,COLQUITT,4506.0,
13073,GA,COLUMBIA,644.0,
13075,GA,COOK,3081.0,
13077,GA,COWETA,2398.0,
13079,GA,CRAWFORD,1430.0,
13081,GA,CRISP,8265.0,
13083,GA,DADE,1273.0,
13085,GA,DAWSON,1701.0,
13087,GA,DECATUR,6416.0,
13091,GA,DODGE,2502.0,
13093,GA,DOOLY,1529.0,
13095,GA,DOUGHERTY,882.0,
13097,GA,DOUGLAS,1807.0,
13099,GA,EARLY,7921.0,
13101,GA,ECHOLS,1728.0,
13103,GA,EFFINGHAM,363.0,
13105,GA,ELBERT,3710.0,
13107,GA,EMANUEL,1449.0,
13109,GA,EVANS,2934.0,
13111,GA,FANNIN,547.0,
13113,GA,FAYETTE,302.0,
13115,GA,FLOYD,4878.0,
13117,GA,FORSYTH,1535.0,
13119,GA,FRANKLIN,9135.0,
13121,GA,FULTON,359.0,
13123,GA,GILMER,2298.0,
13125,GA,GLASCOCK,585.0,
13127,GA,GLYNN,90.0,
13129,GA,GORDON,8646.0,
13131,GA,GRADY,10601.0,
13133,GA,GREENE,3151.0,
13135,GA,GWINNETT,268.0,
13137,GA,HABERSHAM,5376.0,
13139,GA,HALL,5937.0,
13141,GA,HANCOCK,1767.0,
13143,GA,HARALSON,2162.0,
13145,GA,HARRIS,1557.0,
13147,GA,HART,6442.0,
13149,GA,HEARD,2998.0,
13151,GA,HENRY,902.0,
13153,GA,HOUSTON,2142.0,
13155,GA,IRWIN,2877.0,
13157,GA,JACKSON,8852.0,
13159,GA,JASPER,3575.0,
13161,GA,JEFF DAVIS,1745.0,
13163,GA,JEFFERSON,5823.0,
13165,GA,JENKINS,2012.0,
13167,GA,JOHNSON,2588.0,
13169,GA,JONES,1773.0,
13171,GA,LAMAR,2249.0,
13173,GA,LANIER,253.0,
13175,GA,LAURENS,6125.0,
13177,GA,LEE,3213.0,
13179,GA,LIBERTY,127.0,
13181,GA,LINCOLN,2485.0,
13183,GA,LONG,423.0,
13185,GA,LOWNDES,1051.0,
13187,GA,LUMPKIN,3069.0,
13189,GA,MCDUFFIE,4519.0,
13191,GA,MCINTOSH,90.0,
13193,GA,MACON,5151.0,
13195,GA,MADISON,8674.0,
13197,GA,MARION,1900.0,
13199,GA,MERIWETHER,2939.0,
13201,GA,MILLER,5767.0,
13205,GA,MITCHELL,15233.0,
13207,GA,MONROE,3539.0,
13209,GA,MONTGOMERY,1246.0,
13211,GA,MORGAN,8860.0,
13213,GA,MURRAY,4559.0,
13217,GA,NEWTON,2781.0,
13219,GA,OCONEE,3930.0,
13221,GA,OGLETHORPE,6363.0,
13223,GA,PAULDING,1550.0,
13225,GA,PEACH,593.0,
13227,GA,PICKENS,1565.0,
13229,GA,PIERCE,924.0,
13231,GA,PIKE,1917.0,
13233,GA,POLK,3788.0,
13235,GA,PULASKI,267.0,
13237,GA,PUTNAM,9278.0,
13239,GA,QUITMAN,626.0,
13241,GA,RABUN,573.0,
13243,GA,RANDOLPH,2723.0,
13245,GA,RICHMOND,169.0,
13247,GA,ROCKDALE,345.0,
13249,GA,SCHLEY,647.0,
13251,GA,SCREVEN,4130.0,
13253,GA,SEMINOLE,1597.0,
13255,GA,SPALDING,918.0,
13257,GA,STEPHENS,1799.0,
13259,GA,STEWART,691.0,
13261,GA,SUMTER,7178.0,
13263,GA,TALBOT,565.0,
13265,GA,TALIAFERRO,1041.0,
13267,GA,TATTNALL,4767.0,
13269,GA,TAYLOR,3629.0,
13271,GA,TELFAIR,2066.0,
13273,GA,TERRELL,589.0,
13275,GA,THOMAS,4994.0,
13277,GA,TIFT,3278.0,
13279,GA,TOOMBS,3629.0,
13281,GA,TOWNS,423.0,
13283,GA,TREUTLEN,745.0,
13285,GA,TROUP,2528.0,
13287,GA,TURNER,2763.0,
13289,GA,TWIGGS,1119.0,
13291,GA,UNION,2518.0,
13293,GA,UPSON,2389.0,
13295,GA,WALKER,7155.0,
13297,GA,WALTON,6689.0,
13299,GA,WARE,581.0,
13301,GA,WARREN,1573.0,
13303,GA,WASHINGTON,4605.0,
13305,GA,WAYNE,1535.0,
13307,GA,WEBSTER,2075.0,
13309,GA,WHEELER,445.0,
13311,GA,WHITE,2888.0,
13313,GA,WHITFIELD,8524.0,
13315,GA,WILCOX,3517.0,
13317,GA,WILKES,5059.0,
13319,GA,WILKINSON,515.0,
13321,GA,WORTH,2813.0,
15001,HI,HAWAII,48037.0,
15003,HI,HONOLULU,882.0,
15007,HI,KAUAI,6430.0,
15009,HI,MAUI & KALAWAO,6991.0,
16001,ID,ADA,38011.0,2246.0
16003,ID,ADAMS,12032.0,64.0
16005,ID,BANNOCK,11201.0,265.0
16007,ID,BEAR LAKE,13514.0,246.0
16009,ID,BENEWAH,372.0,
16011,ID,BINGHAM,56394.0,
16013,ID,BLAINE,13433.0,
16015,ID,BOISE,2489.0,
16017,ID,BONNER,1677.0,
16019,ID,BONNEVILLE,53553.0,
16021,ID,BOUNDARY,2655.0,102.0
16023,ID,BUTTE,6440.0,
16025,ID,CAMAS,4470.0,
16027,ID,CANYON,85837.0,2571.0
16029,ID,CARIBOU,22045.0,156.0
16031,ID,CASSIA,248496.0,122344.0
16033,ID,CLARK,7273.0,
16035,ID,CLEARWATER,1398.0,
16037,ID,CUSTER,14487.0,
16039,ID,ELMORE,180556.0,
16041,ID,FRANKLIN,16495.0,1184.0
16043,ID,FREMONT,15581.0,135.0
16045,ID,GEM,9614.0,918.0
16047,ID,GOODING,177712.0,326.0
16049,ID,IDAHO,14177.0,935.0
16051,ID,JEFFERSON,50323.0,23066.0
16053,ID,JEROME,200234.0,29854.0
16055,ID,KOOTENAI,2016.0,137.0
16057,ID,LATAH,1683.0,
16059,ID,LEMHI,18749.0,161.0
16061,ID,LEWIS,2704.0,428.0
16063,ID,LINCOLN,39040.0,
16065,ID,MADISON,4266.0,
16067,ID,MINIDOKA,21619.0,
16069,ID,NEZ PERCE,4864.0,325.0
16071,ID,ONEIDA,14305.0,249.0
16073,ID,OWYHEE,194998.0,
16075,ID,PAYETTE,73333.0,
16077,ID,POWER,21204.0,
16079,ID,SHOSHONE,53.0,
16081,ID,TETON,4348.0,264.0
16083,ID,TWIN FALLS,143782.0,2560.0
16085,ID,VALLEY,10559.0,594.0
16087,ID,WASHINGTON,17070.0,425.0
17001,IL,ADAMS,22463.0,5836.0
17003,IL,ALEXANDER,447.0,
17005,IL,BOND,3299.0,542.0
17007,IL,BOONE,1713.0,308.0
17009,IL,BROWN,2775.0,
17011,IL,BUREAU,7885.0,5988.0
17013,IL,CALHOUN,3074.0,
17015,IL,CARROLL,22528.0,16609.0
17017,IL,CASS,1582.0,313.0
17019,IL,CHAMPAIGN,3190.0,478.0
17021,IL,CHRISTIAN,1785.0,
17023,IL,CLARK,945.0,236.0
17025,IL,CLAY,3748.0,557.0
17027,IL,CLINTON,21015.0,7456.0
17029,IL,COLES,1014.0,307.0
17031,IL,COOK,,
17033,IL,CRAWFORD,993.0,205.0
17035,IL,CUMBERLAND,3736.0,2023.0
17037,IL,DE KALB,16727.0,14034.0
17039,IL,DE WITT,1781.0,204.0
17041,IL,DOUGLAS,1123.0,76.0
17045,IL,EDGAR,3435.0,1141.0
17047,IL,EDWARDS,1502.0,255.0
17049,IL,EFFINGHAM,21596.0,15372.0
17051,IL,FAYETTE,9488.0,5822.0
17053,IL,FORD,4048.0,3679.0
17055,IL,FRANKLIN,2873.0,444.0
17057,IL,FULTON,14740.0,5125.0
17059,IL,GALLATIN,1952.0,
17061,IL,GREENE,4848.0,668.0
17063,IL,GRUNDY,344.0,50.0
17065,IL,HAMILTON,1410.0,328.0
17067,IL,HANCOCK,15309.0,5382.0
17069,IL,HARDIN,1092.0,
17071,IL,HENDERSON,9126.0,2189.0
17073,IL,HENRY,19016.0,15100.0
17075,IL,IROQUOIS,16214.0,13462.0
17077,IL,JACKSON,4507.0,628.0
17079,IL,JASPER,6678.0,2408.0
17081,IL,JEFFERSON,7004.0,1333.0
17083,IL,JERSEY,2818.0,1256.0
17085,IL,JO DAVIESS,30037.0,9593.0
17087,IL,JOHNSON,7791.0,131.0
17089,IL,KANE,13354.0,
17091,IL,KANKAKEE,862.0,103.0
17093,IL,KENDALL,872.0,
17095,IL,KNOX,13794.0,6121.0
17097,IL,LAKE,,
17099,IL,LA SALLE,12003.0,8987.0
17101,IL,LAWRENCE,291.0,
17103,IL,LEE,4124.0,1599.0
17105,IL,LIVINGSTON,8516.0,1713.0
17107,IL,LOGAN,1334.0,159.0
17109,IL,MCDONOUGH,5650.0,851.0
17111,IL,MCHENRY,6349.0,1519.0
17113,IL,MCLEAN,10096.0,4716.0
17115,IL,MACON,1616.0,483.0
17117,IL,MACOUPIN,14420.0,7575.0
17119,IL,MADISON,4806.0,430.0
17121,IL,MARION,4809.0,1027.0
17123,IL,MARSHALL,1600.0,275.0
17125,IL,MASON,2380.0,
17127,IL,MASSAC,2780.0,470.0
17129,IL,MENARD,2231.0,480.0
17131,IL,MERCER,4337.0,561.0
17133,IL,MONROE,2582.0,897.0
17135,IL,MONTGOMERY,6163.0,713.0
17137,IL,MORGAN,4020.0,497.0
17139,IL,MOULTRIE,3138.0,128.0
17141,IL,OGLE,26381.0,20536.0
17143,IL,PEORIA,5566.0,
17145,IL,PERRY,4603.0,187.0
17147,IL,PIATT,398.0,126.0
17149,IL,PIKE,7213.0,154.0
17151,IL,POPE,2628.0,
17153,IL,PULASKI,1504.0,570.0
17155,IL,PUTNAM,136.0,47.0
17157,IL,RANDOLPH,6428.0,1944.0
17159,IL,RICHLAND,2099.0,374.0
17161,IL,ROCK ISLAND,3382.0,295.0
17163,IL,ST CLAIR,4714.0,2764.0
17165,IL,SALINE,4710.0,923.0
17167,IL,SANGAMON,3034.0,1119.0
17169,IL,SCHUYLER,8079.0,
17171,IL,SCOTT,1626.0,
17173,IL,SHELBY,15228.0,6960.0
17175,IL,STARK,1718.0,65.0
17177,IL,STEPHENSON,25303.0,12003.0
17179,IL,TAZEWELL,3512.0,786.0
17181,IL,UNION,4140.0,92.0
17183,IL,VERMILION,4167.0,2967.0
17185,IL,WABASH,409.0,
17187,IL,WARREN,10390.0,5522.0
17189,IL,WASHINGTON,6430.0,1751.0
17191,IL,WAYNE,4117.0,460.0
17193,IL,WHITE,1036.0,150.0
17195,IL,WHITESIDE,26002.0,17930.0
17197,IL,WILL,329.0,
17199,IL,WILLIAMSON,6040.0,
17201,IL,WINNEBAGO,7481.0,5453.0
17203,IL,WOODFORD,5793.0,1712.0
18001,IN,ADAMS,40944.0,5808.0
18003,IN,ALLEN,18238.0,2231.0
18005,IN,BARTHOLOMEW,1035.0,253.0
18007,IN,BENTON,14607.0,
18009,IN,BLACKFORD,1032.0,
18011,IN,BOONE,2074.0,1093.0
18013,IN,BROWN,261.0,
18015,IN,CARROLL,9185.0,3400.0
18017,IN,CASS,6438.0,967.0
18019,IN,CLARK,5980.0,160.0
18021,IN,CLAY,1401.0,66.0
18023,IN,CLINTON,2329.0,352.0
18025,IN,CRAWFORD,1977.0,325.0
18027,IN,DAVIESS,3429.0,1074.0
18029,IN,DEARBORN,1979.0,155.0
18031,IN,DECATUR,16369.0,5244.0
18033,IN,DE KALB,18025.0,9887.0
18035,IN,DELAWARE,1144.0,409.0
18037,IN,DUBOIS,11052.0,3473.0
18039,IN,ELKHART,40201.0,2366.0
18041,IN,FAYETTE,1131.0,269.0
18043,IN,FLOYD,705.0,
18045,IN,FOUNTAIN,1699.0,69.0
18047,IN,FRANKLIN,5455.0,1552.0
18049,IN,FULTON,10181.0,5004.0
18051,IN,GIBSON,3922.0,1585.0
18053,IN,GRANT,1391.0,215.0
18055,IN,GREENE,7655.0,515.0
18057,IN,HAMILTON,303.0,
18059,IN,HANCOCK,1110.0,169.0
18061,IN,HARRISON,12206.0,874.0
18063,IN,HENDRICKS,917.0,124.0
18065,IN,HENRY,8554.0,3391.0
18067,IN,HOWARD,761.0,
18069,IN,HUNTINGTON,6462.0,335.0
18071,IN,JACKSON,4854.0,1699.0
18073,IN,JASPER,55535.0,3608.0
18075,IN,JAY,13917.0,8444.0
18077,IN,JEFFERSON,3298.0,369.0
18079,IN,JENNINGS,2201.0,749.0
18081,IN,JOHNSON,1337.0,423.0
18083,IN,KNOX,2431.0,517.0
18085,IN,KOSCIUSKO,20508.0,4347.0
18087,IN,LAGRANGE,78169.0,5582.0
18089,IN,LAKE,585.0,
18091,IN,LA PORTE,7004.0,2495.0
18093,IN,LAWRENCE,11948.0,638.0
18095,IN,MADISON,2217.0,1395.0
18097,IN,MARION,119.0,
18099,IN,MARSHALL,21315.0,3018.0
18101,IN,MARTIN,2479.0,118.0
18103,IN,MIAMI,5088.0,476.0
18105,IN,MONROE,2822.0,516.0
18107,IN,MONTGOMERY,2294.0,834.0
18109,IN,MORGAN,1911.0,744.0
18111,IN,NEWTON,,84.0
18113,IN,NOBLE,9306.0,656.0
18115,IN,OHIO,658.0,
18117,IN,ORANGE,3531.0,115.0
18119,IN,OWEN,2232.0,182.0
18121,IN,PARKE,5211.0,1603.0
18123,IN,PERRY,4693.0,591.0
18125,IN,PIKE,,72.0
18127,IN,PORTER,844.0,
18129,IN,POSEY,882.0,
18131,IN,PULASKI,2552.0,178.0
18133,IN,PUTNAM,2428.0,72.0
18135,IN,RANDOLPH,5320.0,1130.0
18137,IN,RIPLEY,4408.0,873.0
18139,IN,RUSH,3899.0,1416.0
18141,IN,ST. JOSEPH,2362.0,177.0
18143,IN,SCOTT,762.0,174.0
18145,IN,SHELBY,1235.0,329.0
18147,IN,SPENCER,7342.0,545.0
18149,IN,STARKE,338.0,
18151,IN,STEUBEN,3811.0,
18153,IN,SULLIVAN,1115.0,286.0
18155,IN,SWITZERLAND,2072.0,
18157,IN,TIPPECANOE,2369.0,1008.0
18159,IN,TIPTON,333.0,
18161,IN,UNION,979.0,90.0
18163,IN,VANDERBURGH,127.0,
18165,IN,VERMILLION,1988.0,
18167,IN,VIGO,1112.0,39.0
18169,IN,WABASH,5555.0,350.0
18171,IN,WARREN,8011.0,
18173,IN,WARRICK,1596.0,459.0
18175,IN,WASHINGTON,8092.0,448.0
18177,IN,WAYNE,3920.0,686.0
18179,IN,WELLS,4079.0,475.0
18181,IN,WHITE,8371.0,
18183,IN,WHITLEY,5537.0,1506.0
19001,IA,ADAIR,24120.0,5163.0
19003,IA,ADAMS,38626.0,8794.0
19005,IA,ALLAMAKEE,42890.0,15102.0
19007,IA,APPANOOSE,17223.0,348.0
19009,IA,AUDUBON,30706.0,22053.0
19011,IA,BENTON,17874.0,9783.0
19013,IA,BLACK HAWK,13960.0,9893.0
19015,IA,BOONE,12057.0,6275.0
19017,IA,BREMER,10075.0,3738.0
19019,IA,BUCHANAN,16534.0,11421.0
19021,IA,BUENA VISTA,20627.0,15325.0
19023,IA,BUTLER,10937.0,4130.0
19025,IA,CALHOUN,17839.0,14147.0
19027,IA,CARROLL,80859.0,66999.0
19029,IA,CASS,49162.0,22572.0
19031,IA,CEDAR,11162.0,4268.0
19033,IA,CERRO GORDO,14572.0,6443.0
19035,IA,CHEROKEE,54474.0,34502.0
19037,IA,CHICKASAW,35828.0,25206.0
19039,IA,CLARKE,18634.0,3908.0
19041,IA,CLAY,25422.0,20496.0
19043,IA,CLAYTON,49663.0,27663.0
19045,IA,CLINTON,48427.0,32310.0
19047,IA,CRAWFORD,30007.0,15567.0
19049,IA,DALLAS,29307.0,22590.0
19051,IA,DAVIS,20087.0,
19053,IA,DECATUR,29717.0,11453.0
19055,IA,DELAWARE,106878.0,68766.0
19057,IA,DES MOINES,2678.0,589.0
19059,IA,DICKINSON,28576.0,17882.0
19061,IA,DUBUQUE,114972.0,76107.0
19063,IA,EMMET,6041.0,2360.0
19065,IA,FAYETTE,41567.0,22610.0
19067,IA,FLOYD,16570.0,10819.0
19069,IA,FRANKLIN,8553.0,4679.0
19071,IA,FREMONT,9786.0,
19073,IA,GREENE,25817.0,15033.0
19075,IA,GRUNDY,9384.0,6946.0
19077,IA,GUTHRIE,33440.0,
19079,IA,HAMILTON,3034.0,
19081,IA,HANCOCK,9765.0,7611.0
19083,IA,HARDIN,15179.0,6134.0
19085,IA,HARRISON,15301.0,2986.0
19087,IA,HENRY,12428.0,5724.0
19089,IA,HOWARD,31996.0,17043.0
19091,IA,HUMBOLDT,6581.0,4295.0
19093,IA,IDA,36917.0,17912.0
19095,IA,IOWA,26491.0,12136.0
19097,IA,JACKSON,67356.0,47446.0
19099,IA,JASPER,19912.0,10705.0
19101,IA,JEFFERSON,8033.0,3636.0
19103,IA,JOHNSON,15891.0,8666.0
19105,IA,JONES,52175.0,33748.0
19107,IA,KEOKUK,14445.0,3388.0
19109,IA,KOSSUTH,20216.0,15199.0
19111,IA,LEE,11985.0,2138.0
19113,IA,LINN,15033.0,8322.0
19115,IA,LOUISA,2316.0,558.0
19117,IA,LUCAS,16534.0,1864.0
19119,IA,LYON,162204.0,85728.0
19121,IA,MADISON,17497.0,2999.0
19123,IA,MAHASKA,22683.0,14445.0
19125,IA,MARION,12465.0,1981.0
19127,IA,MARSHALL,23489.0,7051.0
19129,IA,MILLS,1591.0,93.0
19131,IA,MITCHELL,70287.0,44979.0
19133,IA,MONONA,12963.0,2323.0
19135,IA,MONROE,16830.0,3497.0
19137,IA,MONTGOMERY,15591.0,8822.0
19139,IA,MUSCATINE,17692.0,13273.0
19141,IA,O BRIEN,46689.0,26688.0
19143,IA,OSCEOLA,71034.0,38356.0
19145,IA,PAGE,15997.0,7168.0
19147,IA,PALO ALTO,25339.0,17792.0
19149,IA,PLYMOUTH,91008.0,55406.0
19151,IA,POCAHONTAS,19045.0,7880.0
19153,IA,POLK,4282.0,1720.0
19155,IA,POTTAWATTAMIE,47870.0,34280.0
19157,IA,POWESHIEK,14249.0,3581.0
19159,IA,RINGGOLD,32298.0,6372.0
19161,IA,SAC,56718.0,45901.0
19163,IA,SCOTT,11693.0,8740.0
19165,IA,SHELBY,29342.0,16964.0
19167,IA,SIOUX,459682.0,344902.0
19169,IA,STORY,13825.0,10953.0
19171,IA,TAMA,27403.0,14653.0
19173,IA,TAYLOR,19168.0,4600.0
19175,IA,UNION,17228.0,2830.0
19177,IA,VAN BUREN,12593.0,809.0
19179,IA,WAPELLO,7585.0,1704.0
19181,IA,WARREN,12799.0,1633.0
19183,IA,WASHINGTON,9543.0,2871.0
19185,IA,WAYNE,18200.0,561.0
19187,IA,WEBSTER,8792.0,7152.0
19189,IA,WINNEBAGO,4459.0,3766.0
19191,IA,WINNESHIEK,49128.0,24995.0
19193,IA,WOODBURY,78183.0,46358.0
19195,IA,WORTH,2945.0,992.0
19197,IA,WRIGHT,3195.0,1806.0
20001,KS,ALLEN,15841.0,594.0
20003,KS,ANDERSON,22435.0,290.0
20005,KS,ATCHISON,13121.0,464.0
20007,KS,BARBER,69431.0,4380.0
20009,KS,BARTON,198386.0,
20011,KS,BOURBON,44797.0,210.0
20013,KS,BROWN,18522.0,3948.0
20015,KS,BUTLER,166422.0,51496.0
20017,KS,CHASE,70952.0,24983.0
20019,KS,CHAUTAUQUA,34622.0,
20021,KS,CHEROKEE,13096.0,391.0
20023,KS,CHEYENNE,53187.0,30542.0
20025,KS,CLARK,100072.0,70725.0
20027,KS,CLAY,17618.0,4804.0
20029,KS,CLOUD,14087.0,1517.0
20031,KS,COFFEY,27013.0,3812.0
20033,KS,COMANCHE,30634.0,1064.0
20035,KS,COWLEY,49552.0,972.0
20037,KS,CRAWFORD,39709.0,210.0
20039,KS,DECATUR,128805.0,
20041,KS,DICKINSON,60094.0,24725.0
20043,KS,DONIPHAN,2776.0,
20045,KS,DOUGLAS,11959.0,1364.0
20047,KS,EDWARDS,122142.0,101875.0
20049,KS,ELK,24138.0,386.0
20051,KS,ELLIS,30073.0,5158.0
20053,KS,ELLSWORTH,18864.0,
20055,KS,FINNEY,467586.0,429495.0
20057,KS,FORD,294295.0,247897.0
20059,KS,FRANKLIN,34870.0,11732.0
20061,KS,GEARY,8361.0,
20063,KS,GOVE,134575.0,
20065,KS,GRAHAM,11341.0,
20067,KS,GRANT,428856.0,381739.0
20069,KS,GRAY,585312.0,499568.0
20071,KS,GREELEY,41973.0,
20073,KS,GREENWOOD,116435.0,6325.0
20075,KS,HAMILTON,97440.0,
20077,KS,HARPER,40177.0,
20079,KS,HARVEY,40201.0,4887.0
20081,KS,HASKELL,815128.0,736889.0
20083,KS,HODGEMAN,92238.0,
20085,KS,JACKSON,33934.0,3677.0
20087,KS,JEFFERSON,20983.0,1500.0
20089,KS,JEWELL,22018.0,1878.0
20091,KS,JOHNSON,2560.0,55.0
20093,KS,KEARNY,115623.0,
20095,KS,KINGMAN,24037.0,650.0
20097,KS,KIOWA,23100.0,
20099,KS,LABETTE,80285.0,
20101,KS,LANE,,
20103,KS,LEAVENWORTH,7997.0,811.0
20105,KS,LINCOLN,25150.0,7825.0
20107,KS,LINN,17124.0,376.0
20109,KS,LOGAN,23362.0,3866.0
20111,KS,LYON,69885.0,12721.0
20113,KS,MCPHERSON,56064.0,30480.0
20115,KS,MARION,45403.0,9841.0
20117,KS,MARSHALL,27402.0,3099.0
20119,KS,MEADE,82650.0,55499.0
20121,KS,MIAMI,21439.0,823.0
20123,KS,MITCHELL,37821.0,18762.0
20125,KS,MONTGOMERY,22948.0,425.0
20127,KS,MORRIS,46539.0,16110.0
20129,KS,MORTON,8406.0,
20131,KS,NEMAHA,79760.0,16917.0
20133,KS,NEOSHO,40834.0,615.0
20135,KS,NESS,25081.0,812.0
20137,KS,NORTON,43558.0,8824.0
20139,KS,OSAGE,18406.0,219.0
20141,KS,OSBORNE,16327.0,2822.0
20143,KS,OTTAWA,36274.0,5586.0
20145,KS,PAWNEE,,
20147,KS,PHILLIPS,29226.0,2549.0
20149,KS,POTTAWATOMIE,55374.0,8156.0
20151,KS,PRATT,94662.0,
20153,KS,RAWLINS,22127.0,
20155,KS,RENO,117111.0,
20157,KS,REPUBLIC,54616.0,
20159,KS,RICE,87952.0,66419.0
20161,KS,RILEY,14126.0,484.0
20163,KS,ROOKS,25025.0,
20165,KS,RUSH,17282.0,
20167,KS,RUSSELL,19182.0,
20169,KS,SALINE,11859.0,
20171,KS,SCOTT,675019.0,635596.0
20173,KS,SEDGWICK,19892.0,832.0
20175,KS,SEWARD,148912.0,
20177,KS,SHAWNEE,6410.0,49.0
20179,KS,SHERIDAN,162404.0,144778.0
20181,KS,SHERMAN,28421.0,7561.0
20183,KS,SMITH,40578.0,21234.0
20185,KS,STAFFORD,79426.0,
20187,KS,STANTON,31686.0,
20189,KS,STEVENS,83092.0,
20191,KS,SUMNER,12556.0,188.0
20193,KS,THOMAS,79421.0,
20195,KS,TREGO,17514.0,1630.0
20197,KS,WABAUNSEE,41395.0,464.0
20199,KS,WALLACE,16925.0,5605.0
20201,KS,WASHINGTON,48691.0,13239.0
20203,KS,WICHITA,205382.0,
20205,KS,WILSON,15180.0,320.0
20207,KS,WOODSON,31285.0,2316.0
20209,KS,WYANDOTTE,606.0,
21001,KY,ADAIR,24539.0,537.0
21003,KY,ALLEN,49747.0,172.0
21005,KY,ANDERSON,5683.0,195.0
21007,KY,BALLARD,1910.0,
21009,KY,BARREN,48194.0,861.0
21011,KY,BATH,14334.0,335.0
21013,KY,BELL,416.0,
21015,KY,BOONE,3518.0,134.0
21017,KY,BOURBON,38033.0,329.0
21019,KY,BOYD,585.0,
21021,KY,BOYLE,26346.0,1120.0
21023,KY,BRACKEN,4788.0,309.0
21025,KY,BREATHITT,885.0,
21027,KY,BRECKINRIDGE,15390.0,1130.0
21029,KY,BULLITT,1330.0,
21031,KY,BUTLER,7549.0,49.0
21033,KY,CALDWELL,4971.0,234.0
21035,KY,CALLOWAY,10964.0,835.0
21037,KY,CAMPBELL,2097.0,238.0
21039,KY,CARLISLE,855.0,
21041,KY,CARROLL,2218.0,146.0
21043,KY,CARTER,3500.0,
21045,KY,CASEY,16739.0,548.0
21047,KY,CHRISTIAN,15224.0,509.0
21049,KY,CLARK,22841.0,394.0
21051,KY,CLAY,861.0,
21053,KY,CLINTON,9715.0,158.0
21055,KY,CRITTENDEN,4484.0,249.0
21057,KY,CUMBERLAND,4592.0,
21059,KY,DAVIESS,6820.0,246.0
21061,KY,EDMONSON,26843.0,
21063,KY,ELLIOTT,1541.0,79.0
21065,KY,ESTILL,2115.0,
21067,KY,FAYETTE,7125.0,567.0
21069,KY,FLEMING,23847.0,1182.0
21071,KY,FLOYD,96.0,
21073,KY,FRANKLIN,8732.0,
21075,KY,FULTON,245.0,
21077,KY,GALLATIN,795.0,
21079,KY,GARRARD,22034.0,
21081,KY,GRANT,5015.0,295.0
21083,KY,GRAVES,9420.0,797.0
21085,KY,GRAYSON,23134.0,994.0
21087,KY,GREEN,15921.0,123.0
21089,KY,GREENUP,2630.0,
21091,KY,HANCOCK,2625.0,328.0
21093,KY,HARDIN,14389.0,397.0
21095,KY,HARLAN,34.0,
21097,KY,HARRISON,15384.0,424.0
21099,KY,HART,14751.0,411.0
21101,KY,HENDERSON,2993.0,403.0
21103,KY,HENRY,9901.0,378.0
21105,KY,HICKMAN,572.0,
21107,KY,HOPKINS,5076.0,33.0
21109,KY,JACKSON,4111.0,248.0
21111,KY,JEFFERSON,509.0,
21113,KY,JESSAMINE,7711.0,249.0
21115,KY,JOHNSON,647.0,
21117,KY,KENTON,1775.0,
21119,KY,KNOTT,558.0,
21121,KY,KNOX,1092.0,
21123,KY,LARUE,7033.0,525.0
21125,KY,LAUREL,7363.0,127.0
21127,KY,LAWRENCE,1018.0,
21129,KY,LEE,323.0,
21131,KY,LESLIE,,
21133,KY,LETCHER,109.0,
21135,KY,LEWIS,4244.0,509.0
21137,KY,LINCOLN,30049.0,658.0
21139,KY,LIVINGSTON,5850.0,
21141,KY,LOGAN,15013.0,
21143,KY,LYON,2149.0,
21145,KY,MCCRACKEN,1634.0,
21147,KY,MCCREARY,1049.0,
21149,KY,MCLEAN,1700.0,
21151,KY,MADISON,42131.0,735.0
21153,KY,MAGOFFIN,978.0,
21155,KY,MARION,29424.0,773.0
21157,KY,MARSHALL,21771.0,58.0
21159,KY,MARTIN,73.0,
21161,KY,MASON,16498.0,1036.0
21163,KY,MEADE,6326.0,315.0
21165,KY,MENIFEE,1252.0,
21167,KY,MERCER,21298.0,222.0
21169,KY,METCALFE,15020.0,122.0
21171,KY,MONROE,33279.0,2923.0
21173,KY,MONTGOMERY,11458.0,718.0
21175,KY,MORGAN,3254.0,
21177,KY,MUHLENBERG,7119.0,
21179,KY,NELSON,19555.0,2428.0
21181,KY,NICHOLAS,16043.0,
21183,KY,OHIO,5852.0,141.0
21185,KY,OLDHAM,1871.0,47.0
21187,KY,OWEN,12237.0,585.0
21189,KY,OWSLEY,743.0,
21191,KY,PENDLETON,4107.0,
21193,KY,PERRY,,
21195,KY,PIKE,1125.0,
21197,KY,POWELL,1425.0,
21199,KY,PULASKI,36732.0,530.0
21201,KY,ROBERTSON,1509.0,
21203,KY,ROCKCASTLE,6765.0,168.0
21205,KY,ROWAN,2074.0,314.0
21207,KY,RUSSELL,19814.0,
21209,KY,SCOTT,17985.0,232.0
21211,KY,SHELBY,12089.0,1753.0
21213,KY,SIMPSON,5523.0,
21215,KY,SPENCER,3432.0,
21217,KY,TAYLOR,8577.0,188.0
21219,KY,TODD,11842.0,333.0
21221,KY,TRIGG,25049.0,
21223,KY,TRIMBLE,2374.0,85.0
21225,KY,UNION,2999.0,236.0
21227,KY,WARREN,23186.0,144.0
21229,KY,WASHINGTON,22043.0,270.0
21231,KY,WAYNE,10821.0,159.0
21233,KY,WEBSTER,5732.0,138.0
21235,KY,WHITLEY,3727.0,113.0
21237,KY,WOLFE,1273.0,
21239,KY,WOODFORD,8574.0,
22001,LA,ACADIA,4576.0,
22003,LA,ALLEN,3427.0,
22005,LA,ASCENSION,3626.0,
22007,LA,ASSUMPTION,,
22009,LA,AVOYELLES,9431.0,
22011,LA,BEAUREGARD,13536.0,
22013,LA,BIENVILLE,867.0,
22015,LA,BOSSIER,9928.0,
22017,LA,CADDO,14059.0,
22019,LA,CALCASIEU,16455.0,
22021,LA,CALDWELL,1863.0,
22023,LA,CAMERON,7653.0,
22025,LA,CATAHOULA,1429.0,
22027,LA,CLAIBORNE,5119.0,
22029,LA,CONCORDIA,1351.0,
22031,LA,DE SOTO,13502.0,
22033,LA,EAST BATON ROUGE,5861.0,
22035,LA,EAST CARROLL,97.0,
22037,LA,EAST FELICIANA,13569.0,
22039,LA,EVANGELINE,6642.0,
22041,LA,FRANKLIN,7416.0,
22043,LA,GRANT,2629.0,
22045,LA,IBERIA,1785.0,
22047,LA,IBERVILLE,2696.0,
22049,LA,JACKSON,1444.0,
22051,LA,JEFFERSON,80.0,
22053,LA,JEFFERSON DAVIS,8177.0,
22055,LA,LAFAYETTE,3449.0,
22057,LA,LAFOURCHE,6588.0,
22059,LA,LA SALLE,1134.0,
22061,LA,LINCOLN,5002.0,
22063,LA,LIVINGSTON,1863.0,
22065,LA,MADISON,1250.0,
22067,LA,MOREHOUSE,3252.0,
22069,LA,NATCHITOCHES,13838.0,
22073,LA,OUACHITA,2003.0,
22075,LA,PLAQUEMINES,1129.0,
22077,LA,POINTE COUPEE,7505.0,
22079,LA,RAPIDES,9059.0,
22081,LA,RED RIVER,14176.0,
22083,LA,RICHLAND,6735.0,
22085,LA,SABINE,9020.0,
22087,LA,SAINT BERNARD,581.0,
22089,LA,SAINT CHARLES,829.0,
22091,LA,SAINT HELENA,5407.0,
22093,LA,SAINT JAMES,373.0,
22095,LA,ST. JOHN THE BAPTIST,,
22097,LA,SAINT LANDRY,11630.0,
22099,LA,SAINT MARTIN,788.0,
22101,LA,SAINT MARY,1769.0,
22103,LA,SAINT TAMMANY,3427.0,
22105,LA,TANGIPAHOA,10918.0,
22107,LA,TENSAS,250.0,
22109,LA,TERREBONNE,602.0,
22111,LA,UNION,9299.0,
22113,LA,VERMILION,10302.0,
22115,LA,VERNON,3671.0,
22117,LA,WASHINGTON,9391.0,
22119,LA,WEBSTER,2572.0,
22121,LA,WEST BATON ROUGE,462.0,
22123,LA,WEST CARROLL,2113.0,
22125,LA,WEST FELICIANA,4591.0,
22127,LA,WINN,1670.0,
23001,ME,ANDROSCOGGIN,2419.0,828.0
23003,ME,AROOSTOOK,5018.0,
23005,ME,CUMBERLAND,1792.0,
23007,ME,FRANKLIN,772.0,
23009,ME,HANCOCK,76.0,
23011,ME,KENNEBEC,4162.0,
23013,ME,KNOX,288.0,
23015,ME,LINCOLN,496.0,
23017,ME,OXFORD,676.0,
23019,ME,PENOBSCOT,6742.0,1464.0
23021,ME,PISCATAQUIS,1075.0,
23023,ME,SAGADAHOC,332.0,
23025,ME,SOMERSET,3547.0,
23027,ME,WALDO,1431.0,
23029,ME,WASHINGTON,81.0,
23031,ME,YORK,838.0,
24001,MD,ALLEGANY,1634.0,
24003,MD,ANNE ARUNDEL,318.0,
24005,MD,BALTIMORE,1461.0,270.0
24009,MD,CALVERT,252.0,
24011,MD,CAROLINE,481.0,
24013,MD,CARROLL,6316.0,266.0
24015,MD,CECIL,2969.0,
24017,MD,CHARLES,607.0,
24019,MD,DORCHESTER,76.0,
24021,MD,FREDERICK,14805.0,1570.0
24023,MD,GARRETT,9032.0,264.0
24025,MD,HARFORD,3574.0,259.0
24027,MD,HOWARD,912.0,
24029,MD,KENT,3466.0,175.0
24031,MD,MONTGOMERY,1129.0,
24033,MD,PRINCE GEORGES,550.0,
24035,MD,QUEEN ANNES,1906.0,
24037,MD,ST MARYS,1093.0,61.0
24039,MD,SOMERSET,124.0,
24041,MD,TALBOT,344.0,
24043,MD,WASHINGTON,19341.0,5011.0
24045,MD,WICOMICO,258.0,
24047,MD,WORCESTER,113.0,
25001,MA,BARNSTABLE,,
25003,MA,BERKSHIRE,3416.0,
25005,MA,BRISTOL,1659.0,357.0
25007,MA,DUKES,,
25009,MA,ESSEX,725.0,
25011,MA,FRANKLIN,1903.0,
25013,MA,HAMPDEN,604.0,
25015,MA,HAMPSHIRE,1274.0,
25017,MA,MIDDLESEX,2028.0,
25021,MA,NORFOLK,145.0,
25023,MA,PLYMOUTH,257.0,
25025,MA,SUFFOLK,42.0,
25027,MA,WORCESTER,3473.0,59.0
26001,MI,ALCONA,609.0,106.0
26003,MI,ALGER,556.0,
26005,MI,ALLEGAN,29601.0,3423.0
26007,MI,ALPENA,3442.0,70.0
26009,MI,ANTRIM,1794.0,277.0
26011,MI,ARENAC,3602.0,370.0
26013,MI,BARAGA,863.0,
26015,MI,BARRY,20630.0,1727.0
26017,MI,BAY,1583.0,637.0
26019,MI,BENZIE,443.0,
26021,MI,BERRIEN,1337.0,456.0
26023,MI,BRANCH,16252.0,4338.0
26025,MI,CALHOUN,6545.0,1723.0
26027,MI,CASS,1504.0,347.0
26029,MI,CHARLEVOIX,885.0,53.0
26031,MI,CHEBOYGAN,934.0,
26033,MI,CHIPPEWA,2147.0,85.0
26035,MI,CLARE,3138.0,
26037,MI,CLINTON,34283.0,3260.0
26039,MI,CRAWFORD,72.0,
26041,MI,DELTA,3079.0,
26043,MI,DICKINSON,458.0,
26045,MI,EATON,3961.0,655.0
26047,MI,EMMET,898.0,
26049,MI,GENESEE,2508.0,399.0
26051,MI,GLADWIN,2116.0,98.0
26053,MI,GOGEBIC,83.0,
26055,MI,GRAND TRAVERSE,1802.0,478.0
26057,MI,GRATIOT,49101.0,12905.0
26059,MI,HILLSDALE,96213.0,4747.0
26061,MI,HOUGHTON,533.0,
26063,MI,HURON,115880.0,54326.0
26065,MI,INGHAM,9359.0,2937.0
26067,MI,IONIA,38929.0,6648.0
26069,MI,IOSCO,2943.0,
26071,MI,IRON,180.0,
26073,MI,ISABELLA,16561.0,4737.0
26075,MI,JACKSON,6138.0,1297.0
26077,MI,KALAMAZOO,8957.0,
26079,MI,KALKASKA,384.0,
26081,MI,KENT,9270.0,2615.0
26085,MI,LAKE,423.0,
26087,MI,LAPEER,7549.0,3983.0
26089,MI,LEELANAU,1180.0,616.0
26091,MI,LENAWEE,25596.0,3037.0
26093,MI,LIVINGSTON,3169.0,910.0
26095,MI,LUCE,411.0,
26097,MI,MACKINAC,1250.0,
26099,MI,MACOMB,4798.0,4090.0
26101,MI,MANISTEE,1197.0,580.0
26103,MI,MARQUETTE,275.0,
26105,MI,MASON,3049.0,771.0
26107,MI,MECOSTA,5759.0,460.0
26109,MI,MENOMINEE,7059.0,
26111,MI,MIDLAND,7076.0,320.0
26113,MI,MISSAUKEE,45186.0,2209.0
26115,MI,MONROE,2214.0,1214.0
26117,MI,MONTCALM,13098.0,521.0
26119,MI,MONTMORENCY,622.0,130.0
26121,MI,MUSKEGON,5903.0,338.0
26123,MI,NEWAYGO,21604.0,3279.0
26125,MI,OAKLAND,518.0,
26127,MI,OCEANA,2320.0,749.0
26129,MI,OGEMAW,6257.0,122.0
26131,MI,ONTONAGON,600.0,
26133,MI,OSCEOLA,11469.0,429.0
26135,MI,OSCODA,1757.0,895.0
26137,MI,OTSEGO,604.0,
26139,MI,OTTAWA,26685.0,8064.0
26141,MI,PRESQUE ISLE,3684.0,75.0
26143,MI,ROSCOMMON,58.0,
26145,MI,SAGINAW,3124.0,918.0
26147,MI,ST CLAIR,5368.0,3805.0
26149,MI,ST JOSEPH,9274.0,2350.0
26151,MI,SANILAC,58689.0,13705.0
26153,MI,SCHOOLCRAFT,953.0,
26155,MI,SHIAWASSEE,8054.0,1173.0
26157,MI,TUSCOLA,15056.0,2856.0
26159,MI,VAN BUREN,10647.0,214.0
26161,MI,WASHTENAW,7609.0,1861.0
26163,MI,WAYNE,86.0,
26165,MI,WEXFORD,2881.0,
27001,MN,AITKIN,3418.0,258.0
27003,MN,ANOKA,413.0,
27005,MN,BECKER,20809.0,6370.0
27007,MN,BELTRAMI,7762.0,720.0
27009,MN,BENTON,20763.0,4191.0
27011,MN,BIG STONE,3656.0,286.0
27013,MN,BLUE EARTH,4370.0,3024.0
27015,MN,BROWN,32017.0,16001.0
27017,MN,CARLTON,4283.0,122.0
27019,MN,CARVER,10832.0,3105.0
27021,MN,CASS,8179.0,688.0
27023,MN,CHIPPEWA,15913.0,1992.0
27025,MN,CHISAGO,2340.0,392.0
27027,MN,CLAY,3987.0,224.0
27029,MN,CLEARWATER,10267.0,128.0
27031,MN,COOK,224.0,
27033,MN,COTTONWOOD,25392.0,19950.0
27035,MN,CROW WING,4168.0,
27037,MN,DAKOTA,27808.0,12387.0
27039,MN,DODGE,14323.0,5334.0
27041,MN,DOUGLAS,8560.0,2936.0
27043,MN,FARIBAULT,7211.0,4097.0
27045,MN,FILLMORE,34707.0,10138.0
27047,MN,FREEBORN,7607.0,3315.0
27049,MN,GOODHUE,45736.0,15054.0
27051,MN,GRANT,12043.0,513.0
27053,MN,HENNEPIN,1357.0,531.0
27055,MN,HOUSTON,37367.0,9468.0
27057,MN,HUBBARD,3312.0,
27059,MN,ISANTI,2831.0,312.0
27061,MN,ITASCA,2625.0,98.0
27063,MN,JACKSON,19896.0,6871.0
27065,MN,KANABEC,3081.0,175.0
27067,MN,KANDIYOHI,28697.0,1936.0
27069,MN,KITTSON,4761.0,216.0
27071,MN,KOOCHICHING,1527.0,
27073,MN,LAC QUI PARLE,4486.0,1337.0
27075,MN,LAKE,6.0,
27077,MN,LAKE OF THE WOODS,928.0,
27079,MN,LE SUEUR,6788.0,3985.0
27081,MN,LINCOLN,16073.0,6391.0
27083,MN,LYON,56835.0,46271.0
27085,MN,MCLEOD,51962.0,3040.0
27087,MN,MAHNOMEN,2334.0,164.0
27089,MN,MARSHALL,5985.0,
27091,MN,MARTIN,19542.0,10269.0
27093,MN,MEEKER,21012.0,9559.0
27095,MN,MILLE LACS,9039.0,521.0
27097,MN,MORRISON,36149.0,9959.0
27099,MN,MOWER,15338.0,4016.0
27101,MN,MURRAY,52003.0,23282.0
27103,MN,NICOLLET,19612.0,2687.0
27105,MN,NOBLES,91598.0,72014.0
27107,MN,NORMAN,2024.0,80.0
27109,MN,OLMSTED,24718.0,9820.0
27111,MN,OTTER TAIL,45931.0,5171.0
27113,MN,PENNINGTON,4427.0,434.0
27115,MN,PINE,9186.0,1982.0
27117,MN,PIPESTONE,44970.0,24994.0
27119,MN,POLK,7065.0,627.0
27121,MN,POPE,13420.0,6511.0
27125,MN,RED LAKE,6935.0,3613.0
27127,MN,REDWOOD,58478.0,43693.0
27129,MN,RENVILLE,35071.0,27713.0
27131,MN,RICE,7377.0,2246.0
27133,MN,ROCK,81116.0,65609.0
27135,MN,ROSEAU,9593.0,1667.0
27137,MN,ST. LOUIS,5763.0,370.0
27139,MN,SCOTT,8139.0,2826.0
27141,MN,SHERBURNE,9353.0,5740.0
27143,MN,SIBLEY,20460.0,5815.0
27145,MN,STEARNS,109820.0,43900.0
27147,MN,STEELE,3156.0,943.0
27149,MN,STEVENS,39461.0,14605.0
27151,MN,SWIFT,24850.0,4872.0
27153,MN,TODD,23937.0,4886.0
27155,MN,TRAVERSE,11481.0,2114.0
27157,MN,WABASHA,32247.0,5296.0
27159,MN,WADENA,6057.0,408.0
27161,MN,WASECA,9701.0,4357.0
27163,MN,WASHINGTON,1231.0,304.0
27165,MN,WATONWAN,6691.0,3583.0
27167,MN,WILKIN,1716.0,422.0
27169,MN,WINONA,40872.0,5772.0
27171,MN,WRIGHT,23909.0,6765.0
27173,MN,YELLOW MEDICINE,18823.0,5145.0
28001,MS,ADAMS,999.0,
28003,MS,ALCORN,3710.0,
28005,MS,AMITE,6872.0,
28007,MS,ATTALA,1925.0,
28009,MS,BENTON,4420.0,
28011,MS,BOLIVAR,1676.0,
28013,MS,CALHOUN,5417.0,
28015,MS,CARROLL,9663.0,
28017,MS,CHICKASAW,11186.0,
28019,MS,CHOCTAW,1693.0,
28021,MS,CLAIBORNE,1797.0,
28023,MS,CLARKE,3452.0,
28025,MS,CLAY,7624.0,
28027,MS,COAHOMA,284.0,
28029,MS,COPIAH,10919.0,
28031,MS,COVINGTON,42679.0,
28033,MS,DE SOTO,1818.0,
28035,MS,FORREST,2123.0,
28037,MS,FRANKLIN,1194.0,
28039,MS,GEORGE,3623.0,
28041,MS,GREENE,15296.0,
28043,MS,GRENADA,2792.0,
28045,MS,HANCOCK,3834.0,
28047,MS,HARRISON,1896.0,
28049,MS,HINDS,14217.0,
28051,MS,HOLMES,5672.0,
28055,MS,ISSAQUENA,,
28057,MS,ITAWAMBA,2607.0,
28059,MS,JACKSON,3823.0,
28061,MS,JASPER,5562.0,
28063,MS,JEFFERSON,1697.0,
28065,MS,JEFFERSON DAVIS,3737.0,
28067,MS,JONES,9910.0,
28069,MS,KEMPER,4504.0,
28071,MS,LAFAYETTE,4533.0,
28073,MS,LAMAR,8297.0,
28075,MS,LAUDERDALE,2110.0,
28077,MS,LAWRENCE,5015.0,
28079,MS,LEAKE,5317.0,
28081,MS,LEE,3972.0,
28083,MS,LEFLORE,263.0,
28085,MS,LINCOLN,8898.0,
28087,MS,LOWNDES,4165.0,
28089,MS,MADISON,3260.0,
28091,MS,MARION,8811.0,
28093,MS,MARSHALL,5392.0,
28095,MS,MONROE,3794.0,
28097,MS,MONTGOMERY,3209.0,
28099,MS,NESHOBA,8905.0,
28101,MS,NEWTON,8448.0,
28103,MS,NOXUBEE,12637.0,
28105,MS,OKTIBBEHA,7388.0,
28107,MS,PANOLA,8518.0,
28109,MS,PEARL RIVER,13556.0,
28111,MS,PERRY,2401.0,
28113,MS,PIKE,6176.0,
28115,MS,PONTOTOC,6967.0,
28117,MS,PRENTISS,10437.0,
28121,MS,RANKIN,6259.0,
28123,MS,SCOTT,15164.0,
28125,MS,SHARKEY,,
28127,MS,SIMPSON,40510.0,
28129,MS,SMITH,10018.0,
28131,MS,STONE,3871.0,
28133,MS,SUNFLOWER,,
28135,MS,TALLAHATCHIE,1712.0,
28137,MS,TATE,9630.0,
28139,MS,TIPPAH,3940.0,
28141,MS,TISHOMINGO,1209.0,
28143,MS,TUNICA,519.0,
28145,MS,UNION,3658.0,
28147,MS,WALTHALL,7893.0,
28149,MS,WARREN,2278.0,
28151,MS,WASHINGTON,274.0,
28153,MS,WAYNE,5485.0,
28155,MS,WEBSTER,1007.0,
28157,MS,WILKINSON,7375.0,
28159,MS,WINSTON,4462.0,
28161,MS,YALOBUSHA,3782.0,
28163,MS,YAZOO,5530.0,
29001,MO,ADAIR,20315.0,1542.0
29003,MO,ANDREW,7395.0,
29005,MO,ATCHISON,2959.0,
29007,MO,AUDRAIN,26640.0,6956.0
29009,MO,BARRY,46936.0,2186.0
29011,MO,BARTON,30518.0,3009.0
29013,MO,BATES,38891.0,3545.0
29015,MO,BENTON,20721.0,408.0
29017,MO,BOLLINGER,11429.0,888.0
29019,MO,BOONE,8875.0,1086.0
29021,MO,BUCHANAN,4766.0,
29023,MO,BUTLER,2620.0,
29025,MO,CALDWELL,11256.0,1627.0
29027,MO,CALLAWAY,17772.0,547.0
29029,MO,CAMDEN,15423.0,
29031,MO,CAPE GIRARDEAU,24721.0,4491.0
29033,MO,CARROLL,10173.0,
29035,MO,CARTER,3278.0,
29037,MO,CASS,17199.0,1480.0
29039,MO,CEDAR,35853.0,197.0
29041,MO,CHARITON,19217.0,2208.0
29043,MO,CHRISTIAN,25189.0,375.0
29045,MO,CLARK,13644.0,
29047,MO,CLAY,18416.0,4408.0
29049,MO,CLINTON,14950.0,199.0
29051,MO,COLE,16878.0,256.0
29053,MO,COOPER,23787.0,135.0
29055,MO,CRAWFORD,14401.0,
29057,MO,DADE,50541.0,2269.0
29059,MO,DALLAS,28605.0,829.0
29061,MO,DAVIESS,8366.0,222.0
29063,MO,DE KALB,13474.0,3218.0
29065,MO,DENT,21519.0,689.0
29067,MO,DOUGLAS,30482.0,
29069,MO,DUNKLIN,454.0,
29071,MO,FRANKLIN,19844.0,2206.0
29073,MO,GASCONADE,15141.0,1948.0
29075,MO,GENTRY,18037.0,2735.0
29077,MO,GREENE,31291.0,2007.0
29079,MO,GRUNDY,9572.0,272.0
29081,MO,HARRISON,18102.0,294.0
29083,MO,HENRY,40281.0,1560.0
29085,MO,HICKORY,21472.0,424.0
29087,MO,HOLT,1926.0,355.0
29089,MO,HOWARD,9325.0,1149.0
29091,MO,HOWELL,59253.0,1487.0
29093,MO,IRON,3841.0,
29095,MO,JACKSON,7938.0,
29097,MO,JASPER,33265.0,2199.0
29099,MO,JEFFERSON,5157.0,120.0
29101,MO,JOHNSON,44971.0,433.0
29103,MO,KNOX,30347.0,5661.0
29105,MO,LACLEDE,37713.0,574.0
29107,MO,LAFAYETTE,22943.0,6030.0
29109,MO,LAWRENCE,68456.0,
29111,MO,LEWIS,9270.0,
29113,MO,LINCOLN,7097.0,397.0
29115,MO,LINN,25449.0,2805.0
29117,MO,LIVINGSTON,6353.0,1135.0
29119,MO,MCDONALD,23029.0,317.0
29121,MO,MACON,28628.0,
29123,MO,MADISON,10764.0,1081.0
29125,MO,MARIES,27076.0,328.0
29127,MO,MARION,8899.0,243.0
29129,MO,MERCER,12945.0,
29131,MO,MILLER,35425.0,
29133,MO,MISSISSIPPI,,
29135,MO,MONITEAU,30103.0,274.0
29137,MO,MONROE,13609.0,5656.0
29139,MO,MONTGOMERY,8102.0,1484.0
29141,MO,MORGAN,27260.0,569.0
29143,MO,NEW MADRID,,
29145,MO,NEWTON,38843.0,981.0
29147,MO,NODAWAY,23121.0,1080.0
29149,MO,OREGON,33350.0,557.0
29151,MO,OSAGE,36349.0,729.0
29153,MO,OZARK,35629.0,1097.0
29155,MO,PEMISCOT,,
29157,MO,PERRY,36278.0,7353.0
29159,MO,PETTIS,19798.0,1354.0
29161,MO,PHELPS,12999.0,439.0
29163,MO,PIKE,18447.0,2114.0
29165,MO,PLATTE,6670.0,949.0
29167,MO,POLK,55605.0,2141.0
29169,MO,PULASKI,8883.0,136.0
29171,MO,PUTNAM,33366.0,1035.0
29173,MO,RALLS,4521.0,
29175,MO,RANDOLPH,17393.0,1055.0
29177,MO,RAY,18696.0,
29179,MO,REYNOLDS,4934.0,36.0
29181,MO,RIPLEY,12466.0,1200.0
29183,MO,ST CHARLES,2305.0,693.0
29185,MO,ST CLAIR,28934.0,675.0
29186,MO,STE GENEVIEVE,9373.0,
29187,MO,ST FRANCOIS,9826.0,382.0
29189,MO,ST LOUIS,153.0,
29195,MO,SALINE,11483.0,579.0
29197,MO,SCHUYLER,23492.0,1407.0
29199,MO,SCOTLAND,25446.0,2412.0
29201,MO,SCOTT,1872.0,
29203,MO,SHANNON,13400.0,
29205,MO,SHELBY,9791.0,290.0
29207,MO,STODDARD,5259.0,1236.0
29209,MO,STONE,9422.0,106.0
29211,MO,SULLIVAN,20269.0,
29213,MO,TANEY,6802.0,
29215,MO,TEXAS,56207.0,1215.0
29217,MO,VERNON,37131.0,1305.0
29219,MO,WARREN,3552.0,377.0
29221,MO,WASHINGTON,5068.0,75.0
29223,MO,WAYNE,6663.0,611.0
29225,MO,WEBSTER,47528.0,966.0
29227,MO,WORTH,6005.0,505.0
29229,MO,WRIGHT,36292.0,597.0
30001,MT,BEAVERHEAD,77333.0,596.0
30003,MT,BIG HORN,55837.0,1558.0
30005,MT,BLAINE,36912.0,224.0
30007,MT,BROADWATER,12248.0,73.0
30009,MT,CARBON,33284.0,3525.0
30011,MT,CARTER,40645.0,634.0
30013,MT,CASCADE,43594.0,1094.0
30015,MT,CHOUTEAU,27679.0,355.0
30017,MT,CUSTER,61825.0,
30019,MT,DANIELS,6170.0,
30021,MT,DAWSON,21336.0,
30023,MT,DEER LODGE,3517.0,
30025,MT,FALLON,23877.0,
30027,MT,FERGUS,70793.0,1749.0
30029,MT,FLATHEAD,5972.0,731.0
30031,MT,GALLATIN,27552.0,
30033,MT,GARFIELD,40624.0,1372.0
30035,MT,GLACIER,25993.0,280.0
30037,MT,GOLDEN VALLEY,9899.0,
30039,MT,GRANITE,11512.0,
30041,MT,HILL,13511.0,242.0
30043,MT,JEFFERSON,18123.0,565.0
30045,MT,JUDITH BASIN,53941.0,
30047,MT,LAKE,19986.0,1387.0
30049,MT,LEWIS AND CLARK,21821.0,341.0
30051,MT,LIBERTY,4889.0,
30053,MT,LINCOLN,2550.0,80.0
30055,MT,MCCONE,16678.0,266.0
30057,MT,MADISON,43038.0,1382.0
30059,MT,MEAGHER,25974.0,1196.0
30061,MT,MINERAL,303.0,
30063,MT,MISSOULA,5707.0,
30065,MT,MUSSELSHELL,25124.0,
30067,MT,PARK,23378.0,944.0
30069,MT,PETROLEUM,20784.0,
30071,MT,PHILLIPS,52148.0,748.0
30073,MT,PONDERA,14188.0,858.0
30075,MT,POWDER RIVER,48832.0,1446.0
30077,MT,POWELL,25223.0,
30079,MT,PRAIRIE,20138.0,
30081,MT,RAVALLI,15125.0,194.0
30083,MT,RICHLAND,33413.0,3262.0
30085,MT,ROOSEVELT,13036.0,
30087,MT,ROSEBUD,42670.0,1144.0
30089,MT,SANDERS,7601.0,
30091,MT,SHERIDAN,10176.0,
30093,MT,SILVER BOW,3675.0,
30095,MT,STILLWATER,21768.0,1466.0
30097,MT,SWEET GRASS,25160.0,458.0
30099,MT,TETON,29381.0,
30101,MT,TOOLE,8484.0,
30103,MT,TREASURE,14483.0,1093.0
30105,MT,VALLEY,43430.0,634.0
30107,MT,WHEATLAND,17732.0,
30109,MT,WIBAUX,10236.0,
30111,MT,YELLOWSTONE,52574.0,14209.0
31001,NE,ADAMS,,
31003,NE,ANTELOPE,168027.0,113038.0
31005,NE,ARTHUR,27544.0,
31007,NE,BANNER,52119.0,
31009,NE,BLAINE,23453.0,4002.0
31011,NE,BOONE,147621.0,116974.0
31013,NE,BOX BUTTE,51546.0,17913.0
31015,NE,BOYD,33904.0,15004.0
31017,NE,BROWN,142910.0,102530.0
31019,NE,BUFFALO,97544.0,41618.0
31021,NE,BURT,59393.0,37409.0
31023,NE,BUTLER,53045.0,32113.0
31025,NE,CASS,,247.0
31027,NE,CEDAR,127642.0,85027.0
31029,NE,CHASE,220362.0,
31031,NE,CHERRY,193189.0,6544.0
31033,NE,CHEYENNE,71648.0,60027.0
31035,NE,CLAY,72401.0,
31037,NE,COLFAX,125923.0,111241.0
31039,NE,CUMING,599727.0,560933.0
31041,NE,CUSTER,355412.0,243125.0
31043,NE,DAKOTA,3816.0,
31045,NE,DAWES,46559.0,8043.0
31047,NE,DAWSON,326604.0,270105.0
31049,NE,DEUEL,21904.0,
31051,NE,DIXON,58753.0,
31053,NE,DODGE,56027.0,43238.0
31055,NE,DOUGLAS,557.0,
31057,NE,DUNDY,54483.0,15372.0
31059,NE,FILLMORE,60850.0,25049.0
31061,NE,FRANKLIN,18962.0,3198.0
31063,NE,FRONTIER,51647.0,
31065,NE,FURNAS,30247.0,13388.0
31067,NE,GAGE,19010.0,5249.0
31069,NE,GARDEN,58650.0,
31071,NE,GARFIELD,64607.0,35942.0
31073,NE,GOSPER,32440.0,22058.0
31075,NE,GRANT,29236.0,
31077,NE,GREELEY,41667.0,32043.0
31079,NE,HALL,65354.0,56824.0
31081,NE,HAMILTON,38948.0,32164.0
31083,NE,HARLAN,41991.0,
31085,NE,HAYES,82714.0,
31087,NE,HITCHCOCK,21696.0,350.0
31089,NE,HOLT,134060.0,33174.0
31091,NE,HOOKER,15733.0,900.0
31093,NE,HOWARD,121717.0,50142.0
31095,NE,JEFFERSON,29186.0,
31097,NE,JOHNSON,6323.0,663.0
31099,NE,KEARNEY,151624.0,133608.0
31101,NE,KEITH,45394.0,
31103,NE,KEYA PAHA,32470.0,
31105,NE,KIMBALL,11822.0,462.0
31107,NE,KNOX,141132.0,93817.0
31109,NE,LANCASTER,13089.0,556.0
31111,NE,LINCOLN,412099.0,316520.0
31113,NE,LOGAN,19243.0,1514.0
31115,NE,LOUP,19567.0,
31117,NE,MCPHERSON,34435.0,707.0
31119,NE,MADISON,100482.0,81104.0
31121,NE,MERRICK,59546.0,47062.0
31123,NE,MORRILL,161539.0,124049.0
31125,NE,NANCE,15042.0,6394.0
31127,NE,NEMAHA,2844.0,
31129,NE,NUCKOLLS,23389.0,3458.0
31131,NE,OTOE,5348.0,181.0
31133,NE,PAWNEE,11812.0,470.0
31135,NE,PERKINS,28351.0,16720.0
31137,NE,PHELPS,317179.0,309393.0
31139,NE,PIERCE,58606.0,45341.0
31141,NE,PLATTE,191434.0,134732.0
31143,NE,POLK,65500.0,33640.0
31145,NE,RED WILLOW,50708.0,
31147,NE,RICHARDSON,10765.0,2605.0
31149,NE,ROCK,58216.0,
31151,NE,SALINE,23090.0,17966.0
31153,NE,SARPY,880.0,
31155,NE,SAUNDERS,78533.0,
31157,NE,SCOTTS BLUFF,112940.0,91760.0
31159,NE,SEWARD,37059.0,27181.0
31161,NE,SHERIDAN,69677.0,2663.0
31163,NE,SHERMAN,25008.0,4866.0
31165,NE,SIOUX,102277.0,
31167,NE,STANTON,41164.0,27816.0
31169,NE,THAYER,52037.0,
31171,NE,THOMAS,24313.0,
31173,NE,THURSTON,50251.0,40240.0
31175,NE,VALLEY,67157.0,43186.0
31177,NE,WASHINGTON,11673.0,5496.0
31179,NE,WAYNE,31493.0,14274.0
31181,NE,WEBSTER,145980.0,
31183,NE,WHEELER,159561.0,
31185,NE,YORK,51360.0,44430.0
32001,NV,CHURCHILL,21649.0,62.0
32003,NV,CLARK,1638.0,
32005,NV,DOUGLAS,13283.0,248.0
32007,NV,ELKO,79117.0,
32009,NV,ESMERALDA,958.0,
32011,NV,EUREKA,17873.0,
32013,NV,HUMBOLDT,38867.0,
32015,NV,LANDER,9851.0,
32017,NV,LINCOLN,7160.0,
32019,NV,LYON,45089.0,
32021,NV,MINERAL,562.0,
32023,NV,NYE,16147.0,
32027,NV,PERSHING,23183.0,796.0
32031,NV,WASHOE,8179.0,
32033,NV,WHITE PINE,14378.0,590.0
32510,NV,CARSON CITY,157.0,
33001,NH,BELKNAP,428.0,
33003,NH,CARROLL,410.0,
33005,NH,CHESHIRE,1447.0,
33007,NH,COOS,1928.0,102.0
33009,NH,GRAFTON,2284.0,
33011,NH,HILLSBOROUGH,447.0,59.0
33013,NH,MERRIMACK,1366.0,
33015,NH,ROCKINGHAM,658.0,
33017,NH,STRAFFORD,641.0,
33019,NH,SULLIVAN,1683.0,
34001,NJ,ATLANTIC,32.0,
34005,NJ,BURLINGTON,518.0,
34007,NJ,CAMDEN,,
34009,NJ,CAPE MAY,71.0,
34011,NJ,CUMBERLAND,464.0,
34015,NJ,GLOUCESTER,666.0,
34019,NJ,HUNTERDON,1200.0,75.0
34021,NJ,MERCER,237.0,
34023,NJ,MIDDLESEX,,
34025,NJ,MONMOUTH,209.0,
34027,NJ,MORRIS,50.0,
34029,NJ,OCEAN,147.0,
34031,NJ,PASSAIC,9.0,
34033,NJ,SALEM,2220.0,135.0
34035,NJ,SOMERSET,610.0,
34037,NJ,SUSSEX,1623.0,49.0
34039,NJ,UNION,,
34041,NJ,WARREN,1551.0,
35001,NM,BERNALILLO,1828.0,
35003,NM,CATRON,20735.0,202.0
35005,NM,CHAVES,69750.0,
35006,NM,CIBOLA,8476.0,
35007,NM,COLFAX,39721.0,5550.0
35009,NM,CURRY,141011.0,
35011,NM,DE BACA,12923.0,536.0
35013,NM,DONA ANA,13752.0,
35015,NM,EDDY,20661.0,112.0
35017,NM,GRANT,14525.0,
35019,NM,GUADALUPE,15061.0,86.0
35021,NM,HARDING,14805.0,
35023,NM,HIDALGO,11821.0,
35025,NM,LEA,51967.0,372.0
35027,NM,LINCOLN,15691.0,
35029,NM,LUNA,19764.0,
35031,NM,MCKINLEY,5676.0,
35033,NM,MORA,9048.0,
35035,NM,OTERO,11385.0,
35037,NM,QUAY,36474.0,740.0
35039,NM,RIO ARRIBA,9675.0,102.0
35041,NM,ROOSEVELT,49976.0,967.0
35043,NM,SANDOVAL,4686.0,144.0
35045,NM,SAN JUAN,5470.0,
35047,NM,SAN MIGUEL,19668.0,
35049,NM,SANTA FE,5225.0,
35051,NM,SIERRA,6661.0,
35053,NM,SOCORRO,18677.0,
35055,NM,TAOS,2542.0,
35057,NM,TORRANCE,22810.0,
35059,NM,UNION,54672.0,12094.0
35061,NM,VALENCIA,8687.0,
36001,NY,ALBANY,4293.0,2625.0
36003,NY,ALLEGANY,9900.0,247.0
36007,NY,BROOME,5439.0,315.0
36009,NY,CATTARAUGUS,16999.0,1095.0
36011,NY,CAYUGA,33869.0,343.0
36013,NY,CHAUTAUQUA,20272.0,1046.0
36015,NY,CHEMUNG,3008.0,74.0
36017,NY,CHENANGO,14012.0,312.0
36019,NY,CLINTON,19851.0,
36021,NY,COLUMBIA,5397.0,
36023,NY,CORTLAND,11020.0,154.0
36025,NY,DELAWARE,8351.0,315.0
36027,NY,DUTCHESS,2378.0,297.0
36029,NY,ERIE,12918.0,510.0
36031,NY,ESSEX,1159.0,
36033,NY,FRANKLIN,14470.0,654.0
36035,NY,FULTON,1062.0,
36037,NY,GENESEE,29949.0,1340.0
36039,NY,GREENE,582.0,
36041,NY,HAMILTON,,
36043,NY,HERKIMER,10000.0,
36045,NY,JEFFERSON,16621.0,222.0
36049,NY,LEWIS,21303.0,66.0
36051,NY,LIVINGSTON,20430.0,1750.0
36053,NY,MADISON,16768.0,1254.0
36055,NY,MONROE,1311.0,
36057,NY,MONTGOMERY,15892.0,
36063,NY,NIAGARA,7901.0,106.0
36065,NY,ONEIDA,13276.0,88.0
36067,NY,ONONDAGA,19623.0,76.0
36069,NY,ONTARIO,31389.0,1937.0
36071,NY,ORANGE,1568.0,
36073,NY,ORLEANS,4244.0,432.0
36075,NY,OSWEGO,5103.0,
36077,NY,OTSEGO,6155.0,484.0
36079,NY,PUTNAM,34.0,
36083,NY,RENSSELAER,4197.0,53.0
36087,NY,ROCKLAND,,
36089,NY,ST LAWRENCE,24047.0,269.0
36091,NY,SARATOGA,6781.0,52.0
36093,NY,SCHENECTADY,329.0,
36095,NY,SCHOHARIE,6759.0,72.0
36097,NY,SCHUYLER,5703.0,161.0
36099,NY,SENECA,9998.0,627.0
36101,NY,STEUBEN,29857.0,2655.0
36103,NY,SUFFOLK,204.0,
36105,NY,SULLIVAN,1522.0,160.0
36107,NY,TIOGA,6826.0,116.0
36109,NY,TOMPKINS,8191.0,
36111,NY,ULSTER,740.0,
36113,NY,WARREN,19.0,
36115,NY,WASHINGTON,28435.0,49.0
36117,NY,WAYNE,29409.0,1321.0
36119,NY,WESTCHESTER,,
36121,NY,WYOMING,40362.0,1200.0
36123,NY,YATES,16525.0,3744.0
37001,NC,ALAMANCE,5004.0,
37003,NC,ALEXANDER,11665.0,381.0
37005,NC,ALLEGHANY,10718.0,129.0
37007,NC,ANSON,4283.0,66.0
37009,NC,ASHE,7796.0,172.0
37011,NC,AVERY,422.0,
37013,NC,BEAUFORT,457.0,
37015,NC,BERTIE,122.0,
37017,NC,BLADEN,2197.0,
37019,NC,BRUNSWICK,548.0,
37021,NC,BUNCOMBE,5251.0,147.0
37023,NC,BURKE,2347.0,
37025,NC,CABARRUS,3789.0,301.0
37027,NC,CALDWELL,1711.0,46.0
37029,NC,CAMDEN,90.0,
37031,NC,CARTERET,157.0,
37033,NC,CASWELL,7772.0,
37035,NC,CATAWBA,4303.0,
37037,NC,CHATHAM,14641.0,44.0
37039,NC,CHEROKEE,5800.0,
37041,NC,CHOWAN,246.0,
37043,NC,CLAY,2966.0,
37045,NC,CLEVELAND,15213.0,151.0
37047,NC,COLUMBUS,2824.0,150.0
37049,NC,CRAVEN,775.0,90.0
37051,NC,CUMBERLAND,1488.0,
37053,NC,CURRITUCK,,
37057,NC,DAVIDSON,4137.0,55.0
37059,NC,DAVIE,3865.0,
37061,NC,DUPLIN,9492.0,115.0
37063,NC,DURHAM,822.0,300.0
37065,NC,EDGECOMBE,5197.0,
37067,NC,FORSYTH,940.0,
37069,NC,FRANKLIN,4320.0,214.0
37071,NC,GASTON,2742.0,84.0
37073,NC,GATES,782.0,360.0
37075,NC,GRAHAM,154.0,
37077,NC,GRANVILLE,3460.0,
37079,NC,GREENE,997.0,
37081,NC,GUILFORD,5629.0,
37083,NC,HALIFAX,2931.0,553.0
37085,NC,HARNETT,2176.0,
37087,NC,HAYWOOD,3786.0,228.0
37089,NC,HENDERSON,1056.0,
37091,NC,HERTFORD,114.0,
37093,NC,HOKE,575.0,
37095,NC,HYDE,195.0,
37097,NC,IREDELL,15163.0,1849.0
37099,NC,JACKSON,1427.0,55.0
37101,NC,JOHNSTON,3482.0,291.0
37103,NC,JONES,251.0,
37105,NC,LEE,1000.0,54.0
37107,NC,LENOIR,1973.0,
37109,NC,LINCOLN,9271.0,
37111,NC,MCDOWELL,423.0,
37113,NC,MACON,1522.0,
37115,NC,MADISON,2134.0,72.0
37117,NC,MARTIN,280.0,
37119,NC,MECKLENBURG,656.0,
37121,NC,MITCHELL,1597.0,
37123,NC,MONTGOMERY,2354.0,
37125,NC,MOORE,5942.0,
37127,NC,NASH,2794.0,
37129,NC,NEW HANOVER,,
37131,NC,NORTHAMPTON,271.0,
37133,NC,ONSLOW,651.0,
37135,NC,ORANGE,2802.0,132.0
37137,NC,PAMLICO,20.0,
37139,NC,PASQUOTANK,208.0,
37141,NC,PENDER,838.0,
37143,NC,PERQUIMANS,134.0,
37145,NC,PERSON,3199.0,
37147,NC,PITT,2172.0,
37149,NC,POLK,1257.0,
37151,NC,RANDOLPH,22047.0,82.0
37153,NC,RICHMOND,1511.0,
37155,NC,ROBESON,3376.0,140.0
37157,NC,ROCKINGHAM,3437.0,
37159,NC,ROWAN,8818.0,289.0
37161,NC,RUTHERFORD,6044.0,
37163,NC,SAMPSON,8574.0,
37165,NC,SCOTLAND,364.0,
37167,NC,STANLY,5829.0,
37169,NC,STOKES,11810.0,51.0
37171,NC,SURRY,8411.0,448.0
37173,NC,SWAIN,110.0,
37175,NC,TRANSYLVANIA,467.0,
37177,NC,TYRRELL,66.0,
37179,NC,UNION,7198.0,86.0
37181,NC,VANCE,691.0,
37183,NC,WAKE,1035.0,
37185,NC,WARREN,2267.0,
37187,NC,WASHINGTON,178.0,
37189,NC,WATAUGA,2816.0,57.0
37191,NC,WAYNE,3745.0,
37193,NC,WILKES,20452.0,2729.0
37195,NC,WILSON,1595.0,
37197,NC,YADKIN,7382.0,120.0
37199,NC,YANCEY,1300.0,
38001,ND,ADAMS,20989.0,409.0
38003,ND,BARNES,9756.0,1218.0
38005,ND,BENSON,11620.0,1293.0
38007,ND,BILLINGS,20524.0,1240.0
38009,ND,BOTTINEAU,8594.0,53.0
38011,ND,BOWMAN,21060.0,
38013,ND,BURKE,9452.0,387.0
38015,ND,BURLEIGH,43413.0,3505.0
38017,ND,CASS,3409.0,546.0
38019,ND,CAVALIER,398.0,
38021,ND,DICKEY,20890.0,9304.0
38023,ND,DIVIDE,7775.0,
38025,ND,DUNN,39198.0,470.0
38027,ND,EDDY,13305.0,
38029,ND,EMMONS,33919.0,733.0
38031,ND,FOSTER,12138.0,1968.0
38033,ND,GOLDEN VALLEY,18981.0,
38035,ND,GRAND FORKS,4919.0,600.0
38037,ND,GRANT,50742.0,357.0
38039,ND,GRIGGS,6484.0,
38041,ND,HETTINGER,8947.0,402.0
38043,ND,KIDDER,37970.0,6061.0
38045,ND,LA MOURE,16191.0,2176.0
38047,ND,LOGAN,30145.0,
38049,ND,MCHENRY,41617.0,4821.0
38051,ND,MCINTOSH,27888.0,2294.0
38053,ND,MCKENZIE,44927.0,205.0
38055,ND,MCLEAN,17720.0,934.0
38057,ND,MERCER,24010.0,
38059,ND,MORTON,71037.0,4199.0
38061,ND,MOUNTRAIL,30429.0,279.0
38063,ND,NELSON,5191.0,
38065,ND,OLIVER,30097.0,
38067,ND,PEMBINA,6237.0,66.0
38069,ND,PIERCE,10264.0,376.0
38071,ND,RAMSEY,1090.0,
38073,ND,RANSOM,21432.0,3014.0
38075,ND,RENVILLE,862.0,
38077,ND,RICHLAND,11565.0,3464.0
38079,ND,ROLETTE,6983.0,
38081,ND,SARGENT,10302.0,2279.0
38083,ND,SHERIDAN,16229.0,
38085,ND,SIOUX,35787.0,
38087,ND,SLOPE,16644.0,
38089,ND,STARK,19205.0,900.0
38091,ND,STEELE,5478.0,
38093,ND,STUTSMAN,32197.0,5355.0
38095,ND,TOWNER,1951.0,
38097,ND,TRAILL,6017.0,
38099,ND,WALSH,3389.0,132.0
38101,ND,WARD,7602.0,
38103,ND,WELLS,11583.0,
38105,ND,WILLIAMS,12841.0,93.0
39001,OH,ADAMS,11459.0,2168.0
39003,OH,ALLEN,6559.0,5289.0
39005,OH,ASHLAND,11082.0,1592.0
39007,OH,ASHTABULA,6199.0,1831.0
39009,OH,ATHENS,3731.0,168.0
39011,OH,AUGLAIZE,24034.0,13496.0
39013,OH,BELMONT,15514.0,1422.0
39015,OH,BROWN,6437.0,230.0
39017,OH,BUTLER,4685.0,2536.0
39019,OH,CARROLL,6685.0,1301.0
39021,OH,CHAMPAIGN,4789.0,753.0
39023,OH,CLARK,12921.0,1852.0
39025,OH,CLERMONT,1617.0,
39027,OH,CLINTON,1769.0,125.0
39029,OH,COLUMBIANA,9659.0,1626.0
39031,OH,COSHOCTON,8491.0,743.0
39033,OH,CRAWFORD,5341.0,3416.0
39035,OH,CUYAHOGA,8.0,
39037,OH,DARKE,46517.0,14277.0
39039,OH,DEFIANCE,8901.0,1224.0
39041,OH,DELAWARE,629.0,153.0
39043,OH,ERIE,2233.0,1373.0
39045,OH,FAIRFIELD,4311.0,1301.0
39047,OH,FAYETTE,4519.0,240.0
39049,OH,FRANKLIN,146.0,
39051,OH,FULTON,37730.0,8689.0
39053,OH,GALLIA,8115.0,610.0
39055,OH,GEAUGA,2202.0,
39057,OH,GREENE,2349.0,457.0
39059,OH,GUERNSEY,24223.0,1355.0
39061,OH,HAMILTON,915.0,35.0
39063,OH,HANCOCK,2751.0,354.0
39065,OH,HARDIN,10828.0,2119.0
39067,OH,HARRISON,6026.0,
39069,OH,HENRY,5304.0,251.0
39071,OH,HIGHLAND,12903.0,5171.0
39073,OH,HOCKING,915.0,
39075,OH,HOLMES,17105.0,3228.0
39077,OH,HURON,10906.0,4642.0
39079,OH,JACKSON,8977.0,209.0
39081,OH,JEFFERSON,3459.0,230.0
39083,OH,KNOX,8646.0,1162.0
39085,OH,LAKE,91.0,
39087,OH,LAWRENCE,1831.0,
39089,OH,LICKING,10240.0,3141.0
39091,OH,LOGAN,11145.0,3658.0
39093,OH,LORAIN,4467.0,3039.0
39095,OH,LUCAS,190.0,
39097,OH,MADISON,9337.0,134.0
39099,OH,MAHONING,4929.0,326.0
39101,OH,MARION,3607.0,1020.0
39103,OH,MEDINA,2761.0,256.0
39105,OH,MEIGS,2533.0,147.0
39107,OH,MERCER,80140.0,33204.0
39109,OH,MIAMI,3005.0,721.0
39111,OH,MONROE,6537.0,533.0
39113,OH,MONTGOMERY,6803.0,3635.0
39115,OH,MORGAN,5654.0,1464.0
39117,OH,MORROW,3147.0,1098.0
39119,OH,MUSKINGUM,13287.0,1187.0
39121,OH,NOBLE,9580.0,306.0
39123,OH,OTTAWA,3452.0,2633.0
39125,OH,PAULDING,18749.0,1894.0
39127,OH,PERRY,3191.0,610.0
39129,OH,PICKAWAY,4763.0,618.0
39131,OH,PIKE,3576.0,473.0
39133,OH,PORTAGE,3059.0,848.0
39135,OH,PREBLE,19863.0,9264.0
39137,OH,PUTNAM,22395.0,4658.0
39139,OH,RICHLAND,10684.0,3160.0
39141,OH,ROSS,7034.0,2048.0
39143,OH,SANDUSKY,2965.0,1683.0
39145,OH,SCIOTO,2938.0,109.0
39147,OH,SENECA,2343.0,882.0
39149,OH,SHELBY,30500.0,10818.0
39151,OH,STARK,9927.0,2715.0
39153,OH,SUMMIT,261.0,
39155,OH,TRUMBULL,5289.0,2155.0
39157,OH,TUSCARAWAS,12074.0,1074.0
39159,OH,UNION,6069.0,3186.0
39161,OH,VAN WERT,17700.0,6035.0
39163,OH,VINTON,1276.0,
39165,OH,WARREN,1564.0,276.0
39167,OH,WASHINGTON,11533.0,3468.0
39169,OH,WAYNE,45845.0,2425.0
39171,OH,WILLIAMS,13970.0,549.0
39173,OH,WOOD,4413.0,829.0
39175,OH,WYANDOT,2836.0,506.0
40001,OK,ADAIR,30323.0,384.0
40003,OK,ALFALFA,59140.0,
40005,OK,ATOKA,52879.0,
40007,OK,BEAVER,56696.0,
40009,OK,BECKHAM,26123.0,
40011,OK,BLAINE,70922.0,
40013,OK,BRYAN,43392.0,
40015,OK,CADDO,64163.0,795.0
40017,OK,CANADIAN,63595.0,1098.0
40019,OK,CARTER,28586.0,
40021,OK,CHEROKEE,24869.0,455.0
40023,OK,CHOCTAW,41346.0,736.0
40025,OK,CIMARRON,171635.0,
40027,OK,CLEVELAND,7415.0,
40029,OK,COAL,24039.0,
40031,OK,COMANCHE,50895.0,
40033,OK,COTTON,55875.0,
40035,OK,CRAIG,76833.0,1014.0
40037,OK,CREEK,18533.0,
40039,OK,CUSTER,46239.0,829.0
40041,OK,DELAWARE,64341.0,
40043,OK,DEWEY,30698.0,
40045,OK,ELLIS,61039.0,
40047,OK,GARFIELD,42973.0,
40049,OK,GARVIN,41410.0,
40051,OK,GRADY,71444.0,692.0
40053,OK,GRANT,33869.0,
40055,OK,GREER,15127.0,
40057,OK,HARMON,34686.0,
40059,OK,HARPER,108986.0,
40061,OK,HASKELL,32384.0,
40063,OK,HUGHES,36497.0,
40065,OK,JACKSON,19522.0,
40067,OK,JEFFERSON,67477.0,595.0
40069,OK,JOHNSTON,21823.0,
40071,OK,KAY,25573.0,
40073,OK,KINGFISHER,45722.0,399.0
40075,OK,KIOWA,43310.0,
40077,OK,LATIMER,28834.0,
40079,OK,LEFLORE,45115.0,
40081,OK,LINCOLN,33751.0,
40083,OK,LOGAN,24818.0,
40085,OK,LOVE,17914.0,
40087,OK,MCCLAIN,25606.0,477.0
40089,OK,MCCURTAIN,35366.0,
40091,OK,MCINTOSH,36803.0,
40093,OK,MAJOR,63747.0,
40095,OK,MARSHALL,21915.0,
40097,OK,MAYES,44055.0,
40099,OK,MURRAY,18299.0,
40101,OK,MUSKOGEE,38209.0,954.0
40103,OK,NOBLE,36302.0,
40105,OK,NOWATA,46469.0,
40107,OK,OKFUSKEE,21742.0,
40109,OK,OKLAHOMA,6174.0,
40111,OK,OKMULGEE,29734.0,978.0
40113,OK,OSAGE,91539.0,
40115,OK,OTTAWA,26798.0,
40117,OK,PAWNEE,22292.0,
40119,OK,PAYNE,27286.0,
40121,OK,PITTSBURG,43213.0,209.0
40123,OK,PONTOTOC,26191.0,
40125,OK,POTTAWATOMIE,20941.0,
40127,OK,PUSHMATAHA,14789.0,
40129,OK,ROGER MILLS,44518.0,578.0
40131,OK,ROGERS,62910.0,
40133,OK,SEMINOLE,18161.0,863.0
40135,OK,SEQUOYAH,31296.0,
40137,OK,STEPHENS,41424.0,
40139,OK,TEXAS,327553.0,266086.0
40141,OK,TILLMAN,36647.0,
40143,OK,TULSA,6238.0,
40145,OK,WAGONER,16287.0,
40147,OK,WASHINGTON,22525.0,
40149,OK,WASHITA,97671.0,
40151,OK,WOODS,71475.0,1317.0
40153,OK,WOODWARD,49462.0,
41001,OR,BAKER,42763.0,616.0
41003,OR,BENTON,4558.0,
41005,OR,CLACKAMAS,5785.0,
41007,OR,CLATSOP,1543.0,
41009,OR,COLUMBIA,2792.0,108.0
41011,OR,COOS,21433.0,628.0
41013,OR,CROOK,30227.0,1308.0
41015,OR,CURRY,4509.0,
41017,OR,DESCHUTES,8858.0,108.0
41019,OR,DOUGLAS,30043.0,1631.0
41021,OR,GILLIAM,6374.0,
41023,OR,GRANT,19970.0,432.0
41025,OR,HARNEY,61599.0,315.0
41027,OR,HOOD RIVER,411.0,
41029,OR,JACKSON,10731.0,858.0
41031,OR,JEFFERSON,16375.0,532.0
41033,OR,JOSEPHINE,2691.0,100.0
41035,OR,KLAMATH,40071.0,1476.0
41037,OR,LAKE,47985.0,554.0
41039,OR,LANE,19434.0,533.0
41041,OR,LINCOLN,1050.0,
41043,OR,LINN,16251.0,545.0
41045,OR,MALHEUR,189302.0,100661.0
41047,OR,MARION,11416.0,104.0
41049,OR,MORROW,181103.0,
41051,OR,MULTNOMAH,603.0,
41053,OR,POLK,11787.0,
41055,OR,SHERMAN,2061.0,
41057,OR,TILLAMOOK,14533.0,106.0
41059,OR,UMATILLA,45210.0,
41061,OR,UNION,23773.0,
41063,OR,WALLOWA,17559.0,1204.0
41065,OR,WASCO,9424.0,64.0
41067,OR,WASHINGTON,2248.0,
41069,OR,WHEELER,8012.0,
41071,OR,YAMHILL,8355.0,528.0
42001,PA,ADAMS,11176.0,2280.0
42003,PA,ALLEGHENY,475.0,53.0
42005,PA,ARMSTRONG,6120.0,270.0
42007,PA,BEAVER,1990.0,190.0
42009,PA,BEDFORD,18419.0,1879.0
42011,PA,BERKS,32493.0,5632.0
42013,PA,BLAIR,17435.0,1142.0
42015,PA,BRADFORD,20463.0,1497.0
42017,PA,BUCKS,2779.0,126.0
42019,PA,BUTLER,6663.0,1403.0
42021,PA,CAMBRIA,4838.0,566.0
42023,PA,CAMERON,,
42025,PA,CARBON,564.0,
42027,PA,CENTRE,14426.0,689.0
42029,PA,CHESTER,14710.0,2995.0
42031,PA,CLARION,25417.0,149.0
42033,PA,CLEARFIELD,1856.0,201.0
42035,PA,CLINTON,14518.0,1895.0
42037,PA,COLUMBIA,2561.0,
42039,PA,CRAWFORD,23904.0,1341.0
42041,PA,CUMBERLAND,26066.0,3871.0
42043,PA,DAUPHIN,5507.0,831.0
42047,PA,ELK,1005.0,78.0
42049,PA,ERIE,3368.0,810.0
42051,PA,FAYETTE,6934.0,501.0
42053,PA,FOREST,310.0,
42055,PA,FRANKLIN,57253.0,4735.0
42057,PA,FULTON,6059.0,560.0
42059,PA,GREENE,5707.0,82.0
42061,PA,HUNTINGDON,15975.0,1985.0
42063,PA,INDIANA,9317.0,1896.0
42065,PA,JEFFERSON,5533.0,1666.0
42067,PA,JUNIATA,9677.0,609.0
42069,PA,LACKAWANNA,1204.0,226.0
42071,PA,LANCASTER,113474.0,30967.0
42073,PA,LAWRENCE,5111.0,183.0
42075,PA,LEBANON,25333.0,3842.0
42077,PA,LEHIGH,1634.0,611.0
42079,PA,LUZERNE,656.0,92.0
42081,PA,LYCOMING,4830.0,737.0
42083,PA,MCKEAN,1163.0,322.0
42085,PA,MERCER,6718.0,797.0
42087,PA,MIFFLIN,8512.0,700.0
42089,PA,MONROE,109.0,
42091,PA,MONTGOMERY,2183.0,
42093,PA,MONTOUR,3123.0,174.0
42095,PA,NORTHAMPTON,4590.0,162.0
42097,PA,NORTHUMBERLAND,8283.0,2105.0
42099,PA,PERRY,16369.0,4483.0
42101,PA,PHILADELPHIA,,
42103,PA,PIKE,94.0,
42105,PA,POTTER,8191.0,56.0
42107,PA,SCHUYLKILL,4615.0,1889.0
42109,PA,SNYDER,10574.0,876.0
42111,PA,SOMERSET,19173.0,685.0
42113,PA,SULLIVAN,502.0,
42115,PA,SUSQUEHANNA,8299.0,371.0
42117,PA,TIOGA,8260.0,804.0
42119,PA,UNION,10704.0,2549.0
42121,PA,VENANGO,1720.0,189.0
42123,PA,WARREN,2062.0,
42125,PA,WASHINGTON,10352.0,304.0
42127,PA,WAYNE,3554.0,528.0
42129,PA,WESTMORELAND,9522.0,1610.0
42131,PA,WYOMING,1776.0,
42133,PA,YORK,30128.0,6966.0
44001,RI,BRISTOL,54.0,
44003,RI,KENT,88.0,
44005,RI,NEWPORT,393.0,
44007,RI,PROVIDENCE,382.0,
44009,RI,WASHINGTON,482.0,
45001,SC,ABBEVILLE,6895.0,
45003,SC,AIKEN,4460.0,
45005,SC,ALLENDALE,3340.0,
45007,SC,ANDERSON,16275.0,
45009,SC,BAMBERG,2537.0,
45011,SC,BARNWELL,1073.0,
45013,SC,BEAUFORT,176.0,
45015,SC,BERKELEY,190.0,
45017,SC,CALHOUN,886.0,
45019,SC,CHARLESTON,609.0,
45021,SC,CHEROKEE,3642.0,
45023,SC,CHESTER,7184.0,
45025,SC,CHESTERFIELD,3842.0,
45027,SC,CLARENDON,1303.0,
45029,SC,COLLETON,2037.0,
45031,SC,DARLINGTON,1228.0,
45033,SC,DILLON,1577.0,
45035,SC,DORCHESTER,803.0,
45037,SC,EDGEFIELD,2225.0,
45039,SC,FAIRFIELD,1628.0,
45041,SC,FLORENCE,476.0,
45043,SC,GEORGETOWN,204.0,
45045,SC,GREENVILLE,1716.0,
45047,SC,GREENWOOD,3982.0,
45049,SC,HAMPTON,235.0,
45051,SC,HORRY,1831.0,
45053,SC,JASPER,157.0,
45055,SC,KERSHAW,1621.0,
45057,SC,LANCASTER,5184.0,
45059,SC,LAURENS,8686.0,
45061,SC,LEE,980.0,
45063,SC,LEXINGTON,2042.0,
45065,SC,MCCORMICK,941.0,
45067,SC,MARION,760.0,
45069,SC,MARLBORO,1144.0,
45071,SC,NEWBERRY,13605.0,
45073,SC,OCONEE,5034.0,
45075,SC,ORANGEBURG,2772.0,
45077,SC,PICKENS,2532.0,
45079,SC,RICHLAND,970.0,
45081,SC,SALUDA,13334.0,
45083,SC,SPARTANBURG,4375.0,
45085,SC,SUMTER,2113.0,
45087,SC,UNION,3471.0,
45089,SC,WILLIAMSBURG,735.0,
45091,SC,YORK,6692.0,
46003,SD,AURORA,26177.0,5663.0
46005,SD,BEADLE,48985.0,18829.0
46007,SD,BENNETT,33066.0,
46009,SD,BON HOMME,30812.0,20045.0
46011,SD,BROOKINGS,53939.0,19187.0
46013,SD,BROWN,40288.0,15193.0
46015,SD,BRULE,44219.0,13146.0
46017,SD,BUFFALO,17414.0,8434.0
46019,SD,BUTTE,55279.0,1153.0
46021,SD,CAMPBELL,32768.0,
46023,SD,CHARLES MIX,53789.0,20531.0
46025,SD,CLARK,35165.0,5835.0
46027,SD,CLAY,4527.0,1120.0
46029,SD,CODINGTON,33505.0,12510.0
46031,SD,CORSON,65576.0,
46033,SD,CUSTER,22124.0,503.0
46035,SD,DAVISON,12413.0,643.0
46037,SD,DAY,11662.0,802.0
46039,SD,DEUEL,42497.0,24095.0
46041,SD,DEWEY,47332.0,1130.0
46043,SD,DOUGLAS,34846.0,12428.0
46045,SD,EDMUNDS,39381.0,22280.0
46047,SD,FALL RIVER,86858.0,
46049,SD,FAULK,31830.0,1832.0
46051,SD,GRANT,46389.0,16485.0
46053,SD,GREGORY,39545.0,6180.0
46055,SD,HAAKON,45616.0,3930.0
46057,SD,HAMLIN,31624.0,6231.0
46059,SD,HAND,38499.0,5219.0
46061,SD,HANSON,12525.0,918.0
46063,SD,HARDING,53183.0,239.0
46065,SD,HUGHES,17456.0,
46067,SD,HUTCHINSON,36705.0,16625.0
46069,SD,HYDE,31958.0,
46071,SD,JACKSON,40134.0,
46073,SD,JERAULD,21428.0,9005.0
46075,SD,JONES,26618.0,154.0
46077,SD,KINGSBURY,32857.0,12761.0
46079,SD,LAKE,26705.0,7633.0
46081,SD,LAWRENCE,12885.0,167.0
46083,SD,LINCOLN,17050.0,8477.0
46085,SD,LYMAN,31158.0,1209.0
46087,SD,MCCOOK,18376.0,3535.0
46089,SD,MCPHERSON,36483.0,5197.0
46091,SD,MARSHALL,71588.0,17066.0
46093,SD,MEADE,86552.0,1545.0
46095,SD,MELLETTE,40715.0,
46097,SD,MINER,22935.0,4199.0
46099,SD,MINNEHAHA,54060.0,15661.0
46101,SD,MOODY,35542.0,7123.0
46102,SD,OGLALA LAKOTA,32449.0,1020.0
46103,SD,PENNINGTON,40175.0,901.0
46105,SD,PERKINS,61163.0,
46107,SD,POTTER,13698.0,
46109,SD,ROBERTS,20767.0,1729.0
46111,SD,SANBORN,23762.0,8747.0
46115,SD,SPINK,58245.0,27398.0
46117,SD,STANLEY,24067.0,
46119,SD,SULLY,33603.0,
46121,SD,TODD,32829.0,
46123,SD,TRIPP,102193.0,41096.0
46125,SD,TURNER,41487.0,10864.0
46127,SD,UNION,20995.0,11205.0
46129,SD,WALWORTH,12404.0,
46135,SD,YANKTON,25530.0,11044.0
46137,SD,ZIEBACH,35156.0,
47001,TN,ANDERSON,3284.0,63.0
47003,TN,BEDFORD,24014.0,2095.0
47005,TN,BENTON,1849.0,112.0
47007,TN,BLEDSOE,10283.0,
47009,TN,BLOUNT,18761.0,9070.0
47011,TN,BRADLEY,11368.0,
47013,TN,CAMPBELL,2773.0,101.0
47015,TN,CANNON,5484.0,60.0
47017,TN,CARROLL,3883.0,
47019,TN,CARTER,5045.0,
47021,TN,CHEATHAM,2680.0,
47023,TN,CHESTER,5660.0,712.0
47025,TN,CLAIBORNE,13540.0,195.0
47027,TN,CLAY,6611.0,
47029,TN,COCKE,4601.0,162.0
47031,TN,COFFEE,12545.0,1128.0
47033,TN,CROCKETT,1731.0,199.0
47035,TN,CUMBERLAND,14798.0,52.0
47037,TN,DAVIDSON,1555.0,
47039,TN,DECATUR,4561.0,65.0
47041,TN,DE KALB,7017.0,
47043,TN,DICKSON,7518.0,118.0
47045,TN,DYER,3825.0,52.0
47047,TN,FAYETTE,9746.0,
47049,TN,FENTRESS,33722.0,2606.0
47051,TN,FRANKLIN,7296.0,
47053,TN,GIBSON,7374.0,1230.0
47055,TN,GILES,33751.0,469.0
47057,TN,GRAINGER,10732.0,238.0
47059,TN,GREENE,28045.0,460.0
47061,TN,GRUNDY,2572.0,170.0
47063,TN,HAMBLEN,7422.0,164.0
47065,TN,HAMILTON,4409.0,115.0
47067,TN,HANCOCK,5746.0,
47069,TN,HARDEMAN,3814.0,
47071,TN,HARDIN,5870.0,77.0
47073,TN,HAWKINS,11481.0,116.0
47075,TN,HAYWOOD,,
47077,TN,HENDERSON,7821.0,362.0
47079,TN,HENRY,5632.0,382.0
47081,TN,HICKMAN,8006.0,150.0
47083,TN,HOUSTON,5814.0,
47085,TN,HUMPHREYS,10023.0,
47087,TN,JACKSON,4205.0,88.0
47089,TN,JEFFERSON,10446.0,409.0
47091,TN,JOHNSON,2492.0,40.0
47093,TN,KNOX,4267.0,194.0
47095,TN,LAKE,,
47097,TN,LAUDERDALE,8167.0,
47099,TN,LAWRENCE,24589.0,230.0
47101,TN,LEWIS,1528.0,135.0
47103,TN,LINCOLN,47857.0,648.0
47105,TN,LOUDON,10878.0,948.0
47107,TN,MCMINN,10777.0,54.0
47109,TN,MCNAIRY,3356.0,44.0
47111,TN,MACON,10946.0,73.0
47113,TN,MADISON,3190.0,
47115,TN,MARION,2864.0,75.0
47117,TN,MARSHALL,13971.0,
47119,TN,MAURY,18867.0,628.0
47121,TN,MEIGS,5531.0,
47123,TN,MONROE,13366.0,1898.0
47125,TN,MONTGOMERY,10207.0,77.0
47127,TN,MOORE,13500.0,282.0
47129,TN,MORGAN,5200.0,86.0
47131,TN,OBION,5230.0,
47133,TN,OVERTON,21428.0,244.0
47135,TN,PERRY,1346.0,
47137,TN,PICKETT,4447.0,
47139,TN,POLK,2425.0,152.0
47141,TN,PUTNAM,7952.0,59.0
47143,TN,RHEA,6404.0,
47145,TN,ROANE,2988.0,65.0
47147,TN,ROBERTSON,27643.0,133.0
47149,TN,RUTHERFORD,8883.0,107.0
47151,TN,SCOTT,843.0,68.0
47153,TN,SEQUATCHIE,6812.0,
47155,TN,SEVIER,3763.0,
47157,TN,SHELBY,989.0,
47159,TN,SMITH,10182.0,427.0
47161,TN,STEWART,2324.0,225.0
47163,TN,SULLIVAN,10993.0,41.0
47165,TN,SUMNER,14162.0,457.0
47167,TN,TIPTON,2250.0,72.0
47169,TN,TROUSDALE,3812.0,84.0
47171,TN,UNICOI,193.0,
47173,TN,UNION,4902.0,230.0
47175,TN,VAN BUREN,3471.0,
47177,TN,WARREN,46926.0,136.0
47179,TN,WASHINGTON,20044.0,696.0
47181,TN,WAYNE,13899.0,
47183,TN,WEAKLEY,10274.0,129.0
47185,TN,WHITE,15644.0,732.0
47187,TN,WILLIAMSON,10486.0,
47189,TN,WILSON,13333.0,392.0
48001,TX,ANDERSON,27387.0,
48003,TX,ANDREWS,4527.0,
48005,TX,ANGELINA,5904.0,
48007,TX,ARANSAS,,
48009,TX,ARCHER,48632.0,
48011,TX,ARMSTRONG,36053.0,
48013,TX,ATASCOSA,50533.0,
48015,TX,AUSTIN,44223.0,
48017,TX,BAILEY,141907.0,
48019,TX,BANDERA,2648.0,
48021,TX,BASTROP,34279.0,
48023,TX,BAYLOR,37611.0,529.0
48025,TX,BEE,18653.0,
48027,TX,BELL,34828.0,
48029,TX,BEXAR,20351.0,
48031,TX,BLANCO,10765.0,
48033,TX,BORDEN,9077.0,
48035,TX,BOSQUE,36180.0,910.0
48037,TX,BOWIE,40677.0,1397.0
48039,TX,BRAZORIA,26140.0,
48041,TX,BRAZOS,40798.0,
48043,TX,BREWSTER,17573.0,
48045,TX,BRISCOE,44587.0,
48047,TX,BROOKS,18769.0,
48049,TX,BROWN,21492.0,
48051,TX,BURLESON,41808.0,
48053,TX,BURNET,18918.0,
48055,TX,CALDWELL,18494.0,
48057,TX,CALHOUN,10712.0,
48059,TX,CALLAHAN,19820.0,911.0
48061,TX,CAMERON,3974.0,
48063,TX,CAMP,15681.0,
48065,TX,CARSON,10214.0,
48067,TX,CASS,8812.0,
48069,TX,CASTRO,803403.0,564614.0
48071,TX,CHAMBERS,15690.0,1007.0
48073,TX,CHEROKEE,29138.0,795.0
48075,TX,CHILDRESS,8393.0,
48077,TX,CLAY,62051.0,
48079,TX,COCHRAN,,
48081,TX,COKE,9061.0,
48083,TX,COLEMAN,35093.0,4200.0
48085,TX,COLLIN,29315.0,
48087,TX,COLLINGSWORTH,9509.0,
48089,TX,COLORADO,30031.0,
48091,TX,COMAL,3684.0,
48093,TX,COMANCHE,96496.0,
48095,TX,CONCHO,14276.0,
48097,TX,COOKE,63806.0,7632.0
48099,TX,CORYELL,54096.0,
48101,TX,COTTLE,13286.0,1715.0
48103,TX,CRANE,1909.0,
48105,TX,CROCKETT,15933.0,
48107,TX,CROSBY,7503.0,
48109,TX,CULBERSON,16120.0,
48111,TX,DALLAM,489921.0,249085.0
48113,TX,DALLAS,6353.0,
48115,TX,DAWSON,2423.0,
48117,TX,DEAF SMITH,966156.0,636449.0
48119,TX,DELTA,6997.0,
48121,TX,DENTON,15101.0,
48123,TX,DE WITT,36600.0,
48125,TX,DICKENS,13534.0,
48127,TX,DIMMIT,4524.0,
48129,TX,DONLEY,43239.0,
48131,TX,DUVAL,18062.0,
48133,TX,EASTLAND,31594.0,
48135,TX,ECTOR,3640.0,
48137,TX,EDWARDS,6956.0,
48139,TX,ELLIS,23059.0,
48141,TX,EL PASO,5023.0,
48143,TX,ERATH,109958.0,
48145,TX,FALLS,161122.0,
48147,TX,FANNIN,45358.0,5097.0
48149,TX,FAYETTE,65576.0,
48151,TX,FISHER,22771.0,
48153,TX,FLOYD,54526.0,
48155,TX,FOARD,11553.0,
48157,TX,FORT BEND,16813.0,
48159,TX,FRANKLIN,25920.0,
48161,TX,FREESTONE,44972.0,
48163,TX,FRIO,60491.0,
48165,TX,GAINES,4554.0,
48167,TX,GALVESTON,2358.0,
48169,TX,GARZA,6391.0,
48171,TX,GILLESPIE,20719.0,2295.0
48173,TX,GLASSCOCK,7175.0,
48175,TX,GOLIAD,24598.0,
48177,TX,GONZALES,128743.0,
48179,TX,GRAY,108764.0,
48181,TX,GRAYSON,34219.0,
48183,TX,GREGG,1677.0,
48185,TX,GRIMES,75509.0,
48187,TX,GUADALUPE,21715.0,
48189,TX,HALE,152466.0,
48191,TX,HALL,7857.0,
48193,TX,HAMILTON,47230.0,1222.0
48195,TX,HANSFORD,395478.0,354746.0
48197,TX,HARDEMAN,18194.0,
48199,TX,HARDIN,2036.0,
48201,TX,HARRIS,10410.0,
48203,TX,HARRISON,9622.0,
48205,TX,HARTLEY,580789.0,492426.0
48207,TX,HASKELL,13506.0,
48209,TX,HAYS,2780.0,
48211,TX,HEMPHILL,84426.0,
48213,TX,HENDERSON,32185.0,168.0
48215,TX,HIDALGO,19204.0,
48217,TX,HILL,29198.0,
48219,TX,HOCKLEY,4896.0,
48221,TX,HOOD,9577.0,
48223,TX,HOPKINS,60852.0,
48225,TX,HOUSTON,54140.0,482.0
48227,TX,HOWARD,6595.0,
48229,TX,HUDSPETH,9164.0,
48231,TX,HUNT,34940.0,
48233,TX,HUTCHINSON,17480.0,
48235,TX,IRION,8156.0,
48237,TX,JACK,35733.0,
48239,TX,JACKSON,27041.0,
48241,TX,JASPER,4286.0,
48243,TX,JEFF DAVIS,15544.0,
48245,TX,JEFFERSON,22928.0,
48247,TX,JIM HOGG,9078.0,
48249,TX,JIM WELLS,24474.0,
48251,TX,JOHNSON,19940.0,
48253,TX,JONES,54655.0,
48255,TX,KARNES,37136.0,
48257,TX,KAUFMAN,29146.0,
48259,TX,KENDALL,6232.0,
48261,TX,KENEDY,20608.0,
48263,TX,KENT,7151.0,
48265,TX,KERR,5351.0,
48267,TX,KIMBLE,5947.0,
48269,TX,KING,12370.0,
48271,TX,KINNEY,2910.0,
48273,TX,KLEBERG,28408.0,
48275,TX,KNOX,10001.0,
48277,TX,LAMAR,46747.0,
48279,TX,LAMB,214873.0,
48281,TX,LAMPASAS,17097.0,
48283,TX,LA SALLE,6492.0,
48285,TX,LAVACA,58429.0,
48287,TX,LEE,74158.0,372.0
48289,TX,LEON,55349.0,
48291,TX,LIBERTY,21124.0,
48293,TX,LIMESTONE,52371.0,1112.0
48295,TX,LIPSCOMB,41645.0,
48297,TX,LIVE OAK,12680.0,572.0
48299,TX,LLANO,22532.0,300.0
48301,TX,LOVING,1484.0,
48303,TX,LUBBOCK,52960.0,
48305,TX,LYNN,5205.0,
48307,TX,MCCULLOCH,15047.0,
48309,TX,MCLENNAN,69496.0,541.0
48311,TX,MCMULLEN,8711.0,
48313,TX,MADISON,20659.0,
48315,TX,MARION,1910.0,
48317,TX,MARTIN,2385.0,
48319,TX,MASON,27211.0,
48321,TX,MATAGORDA,29735.0,
48323,TX,MAVERICK,24148.0,
48325,TX,MEDINA,27115.0,
48327,TX,MENARD,11962.0,
48329,TX,MIDLAND,4096.0,
48331,TX,MILAM,66469.0,1229.0
48333,TX,MILLS,25058.0,
48335,TX,MITCHELL,19626.0,
48337,TX,MONTAGUE,46160.0,
48339,TX,MONTGOMERY,8410.0,
48341,TX,MOORE,219358.0,
48343,TX,MORRIS,5640.0,
48345,TX,MOTLEY,9389.0,
48347,TX,NACOGDOCHES,26844.0,
48349,TX,NAVARRO,46890.0,
48351,TX,NEWTON,1683.0,
48353,TX,NOLAN,17377.0,
48355,TX,NUECES,3517.0,
48357,TX,OCHILTREE,,
48359,TX,OLDHAM,50884.0,
48361,TX,ORANGE,3240.0,
48363,TX,PALO PINTO,41077.0,
48365,TX,PANOLA,14239.0,178.0
48367,TX,PARKER,26282.0,
48369,TX,PARMER,511630.0,401407.0
48371,TX,PECOS,16898.0,992.0
48373,TX,POLK,6253.0,
48375,TX,POTTER,38137.0,410.0
48377,TX,PRESIDIO,27914.0,
48379,TX,RAINS,9960.0,
48381,TX,RANDALL,412425.0,281110.0
48383,TX,REAGAN,7096.0,
48385,TX,REAL,1692.0,
48387,TX,RED RIVER,54912.0,
48389,TX,REEVES,6897.0,
48391,TX,REFUGIO,10934.0,
48393,TX,ROBERTS,14796.0,
48395,TX,ROBERTSON,53488.0,1440.0
48397,TX,ROCKWALL,1565.0,
48399,TX,RUNNELS,44757.0,1734.0
48401,TX,RUSK,29322.0,
48403,TX,SABINE,2101.0,
48405,TX,SAN AUGUSTINE,4357.0,
48407,TX,SAN JACINTO,6174.0,
48409,TX,SAN PATRICIO,9688.0,
48411,TX,SAN SABA,36506.0,
48413,TX,SCHLEICHER,14422.0,1513.0
48415,TX,SCURRY,6994.0,
48417,TX,SHACKELFORD,14782.0,
48419,TX,SHELBY,22446.0,
48421,TX,SHERMAN,369120.0,278989.0
48423,TX,SMITH,27064.0,
48425,TX,SOMERVELL,3115.0,
48427,TX,STARR,37243.0,
48429,TX,STEPHENS,9650.0,
48431,TX,STERLING,10518.0,
48433,TX,STONEWALL,12884.0,
48435,TX,SUTTON,11505.0,
48437,TX,SWISHER,366985.0,336588.0
48439,TX,TARRANT,8777.0,
48441,TX,TAYLOR,11333.0,
48443,TX,TERRELL,3187.0,
48445,TX,TERRY,7661.0,
48447,TX,THROCKMORTON,31817.0,
48449,TX,TITUS,15303.0,
48451,TX,TOM GREEN,39603.0,
48453,TX,TRAVIS,20947.0,6000.0
48455,TX,TRINITY,7786.0,
48457,TX,TYLER,4300.0,
48459,TX,UPSHUR,22721.0,
48461,TX,UPTON,2141.0,
48463,TX,UVALDE,33267.0,
48465,TX,VAL VERDE,9828.0,
48467,TX,VAN ZANDT,62581.0,744.0
48469,TX,VICTORIA,28772.0,
48471,TX,WALKER,16352.0,
48473,TX,WALLER,20871.0,1533.0
48475,TX,WARD,3375.0,
48477,TX,WASHINGTON,29592.0,
48479,TX,WEBB,30795.0,
48481,TX,WHARTON,31901.0,
48483,TX,WHEELER,69239.0,
48485,TX,WICHITA,21784.0,5262.0
48487,TX,WILBARGER,19956.0,
48489,TX,WILLACY,5463.0,
48491,TX,WILLIAMSON,29687.0,
48493,TX,WILSON,107785.0,51437.0
48495,TX,WINKLER,2431.0,
48497,TX,WISE,48043.0,
48499,TX,WOOD,18543.0,
48501,TX,YOAKUM,4600.0,
48503,TX,YOUNG,24680.0,1991.0
48505,TX,ZAPATA,6310.0,
48507,TX,ZAVALA,27142.0,
49001,UT,BEAVER,10961.0,
49003,UT,BOX ELDER,42006.0,3707.0
49005,UT,CACHE,21994.0,512.0
49007,UT,CARBON,4860.0,342.0
49009,UT,DAGGETT,978.0,
49011,UT,DAVIS,1798.0,
49013,UT,DUCHESNE,25795.0,1066.0
49015,UT,EMERY,8562.0,269.0
49017,UT,GARFIELD,8439.0,
49019,UT,GRAND,1629.0,
49021,UT,IRON,29177.0,
49023,UT,JUAB,8385.0,322.0
49025,UT,KANE,4614.0,
49027,UT,MILLARD,24949.0,2544.0
49029,UT,MORGAN,4163.0,107.0
49031,UT,PIUTE,7658.0,
49033,UT,RICH,22058.0,846.0
49035,UT,SALT LAKE,522.0,
49037,UT,SAN JUAN,9647.0,
49039,UT,SANPETE,30978.0,1852.0
49041,UT,SEVIER,35543.0,
49043,UT,SUMMIT,15088.0,479.0
49045,UT,TOOELE,20166.0,351.0
49047,UT,UINTAH,20768.0,1503.0
49049,UT,UTAH,21886.0,2401.0
49051,UT,WASATCH,4636.0,
49053,UT,WASHINGTON,7135.0,1531.0
49055,UT,WAYNE,7437.0,1506.0
49057,UT,WEBER,10251.0,251.0
50001,VT,ADDISON,16577.0,733.0
50003,VT,BENNINGTON,669.0,
50005,VT,CALEDONIA,7292.0,
50007,VT,CHITTENDEN,2927.0,42.0
50009,VT,ESSEX,366.0,
50011,VT,FRANKLIN,18848.0,381.0
50013,VT,GRAND ISLE,2023.0,
50015,VT,LAMOILLE,1598.0,
50017,VT,ORANGE,5615.0,
50019,VT,ORLEANS,10512.0,145.0
50021,VT,RUTLAND,5508.0,
50023,VT,WASHINGTON,2633.0,
50025,VT,WINDHAM,1506.0,
50027,VT,WINDSOR,2444.0,
51001,VA,ACCOMACK,80.0,
51003,VA,ALBEMARLE,7988.0,
51005,VA,ALLEGHANY,1617.0,
51007,VA,AMELIA,5626.0,484.0
51009,VA,AMHERST,5853.0,
51011,VA,APPOMATTOX,9372.0,
51015,VA,AUGUSTA,47993.0,3599.0
51017,VA,BATH,1559.0,
51019,VA,BEDFORD,17110.0,682.0
51021,VA,BLAND,6918.0,304.0
51023,VA,BOTETOURT,10939.0,422.0
51025,VA,BRUNSWICK,1889.0,109.0
51027,VA,BUCHANAN,177.0,
51029,VA,BUCKINGHAM,6328.0,
51031,VA,CAMPBELL,12526.0,1767.0
51033,VA,CAROLINE,1160.0,281.0
51035,VA,CARROLL,19985.0,1300.0
51036,VA,CHARLES CITY,58.0,
51037,VA,CHARLOTTE,7027.0,
51041,VA,CHESTERFIELD,340.0,
51043,VA,CLARKE,4129.0,42.0
51045,VA,CRAIG,4110.0,
51047,VA,CULPEPER,10225.0,833.0
51049,VA,CUMBERLAND,3902.0,87.0
51051,VA,DICKENSON,395.0,
51053,VA,DINWIDDIE,1850.0,
51057,VA,ESSEX,456.0,
51061,VA,FAUQUIER,14690.0,967.0
51063,VA,FLOYD,13314.0,511.0
51065,VA,FLUVANNA,1977.0,
51067,VA,FRANKLIN,17795.0,1322.0
51069,VA,FREDERICK,4847.0,311.0
51071,VA,GILES,7943.0,
51073,VA,GLOUCESTER,158.0,
51075,VA,GOOCHLAND,2407.0,114.0
51077,VA,GRAYSON,27357.0,
51079,VA,GREENE,3531.0,
51081,VA,GREENSVILLE,433.0,
51083,VA,HALIFAX,7661.0,190.0
51085,VA,HANOVER,2388.0,130.0
51087,VA,HENRICO,57.0,
51089,VA,HENRY,1867.0,
51091,VA,HIGHLAND,11580.0,730.0
51093,VA,ISLE OF WIGHT,1620.0,
51095,VA,JAMES CITY,169.0,
51097,VA,KING AND QUEEN,328.0,
51099,VA,KING GEORGE,654.0,
51101,VA,KING WILLIAM,828.0,
51103,VA,LANCASTER,,
51105,VA,LEE,11304.0,172.0
51107,VA,LOUDOUN,5927.0,632.0
51109,VA,LOUISA,5633.0,
51111,VA,LUNENBURG,2638.0,
51113,VA,MADISON,11066.0,557.0
51115,VA,MATHEWS,,
51117,VA,MECKLENBURG,5128.0,359.0
51119,VA,MIDDLESEX,368.0,
51121,VA,MONTGOMERY,8864.0,64.0
51125,VA,NELSON,4598.0,
51127,VA,NEW KENT,138.0,
51131,VA,NORTHAMPTON,,
51133,VA,NORTHUMBERLAND,151.0,
51135,VA,NOTTOWAY,3433.0,
51137,VA,ORANGE,8232.0,730.0
51139,VA,PAGE,7449.0,1007.0
51141,VA,PATRICK,5989.0,
51143,VA,PITTSYLVANIA,21734.0,573.0
51145,VA,POWHATAN,2437.0,
51147,VA,PRINCE EDWARD,4071.0,118.0
51149,VA,PRINCE GEORGE,243.0,
51153,VA,PRINCE WILLIAM,676.0,
51155,VA,PULASKI,13414.0,306.0
51157,VA,RAPPAHANNOCK,6530.0,
51159,VA,RICHMOND,206.0,
51161,VA,ROANOKE,1099.0,
51163,VA,ROCKBRIDGE,14478.0,89.0
51165,VA,ROCKINGHAM,49220.0,1477.0
51167,VA,RUSSELL,35986.0,418.0
51169,VA,SCOTT,10909.0,951.0
51171,VA,SHENANDOAH,17777.0,1018.0
51173,VA,SMYTH,40274.0,1695.0
51175,VA,SOUTHAMPTON,1653.0,
51177,VA,SPOTSYLVANIA,5284.0,
51179,VA,STAFFORD,863.0,
51181,VA,SURRY,518.0,
51183,VA,SUSSEX,134.0,
51185,VA,TAZEWELL,20638.0,307.0
51187,VA,WARREN,2309.0,59.0
51191,VA,WASHINGTON,44623.0,2071.0
51193,VA,WESTMORELAND,557.0,
51195,VA,WISE,923.0,
51197,VA,WYTHE,47718.0,2290.0
51199,VA,YORK,28.0,
51550,VA,CHESAPEAKE CITY,850.0,
51800,VA,SUFFOLK CITY,327.0,
51810,VA,VIRGINIA BEACH CITY,179.0,
53001,WA,ADAMS,38738.0,
53003,WA,ASOTIN,3742.0,293.0
53005,WA,BENTON,40462.0,
53007,WA,CHELAN,124.0,
53009,WA,CLALLAM,615.0,
53011,WA,CLARK,,
53013,WA,COLUMBIA,2845.0,
53015,WA,COWLITZ,1560.0,42.0
53017,WA,DOUGLAS,7462.0,
53019,WA,FERRY,1158.0,
53021,WA,FRANKLIN,77511.0,
53023,WA,GARFIELD,,266.0
53025,WA,GRANT,238972.0,187490.0
53027,WA,GRAYS HARBOR,3066.0,
53029,WA,ISLAND,5489.0,
53031,WA,JEFFERSON,361.0,
53033,WA,KING,6368.0,86.0
53035,WA,KITSAP,271.0,
53037,WA,KITTITAS,11021.0,
53039,WA,KLICKITAT,12089.0,621.0
53041,WA,LEWIS,10373.0,90.0
53043,WA,LINCOLN,11455.0,
53045,WA,MASON,630.0,
53047,WA,OKANOGAN,22455.0,459.0
53049,WA,PACIFIC,1935.0,79.0
53051,WA,PEND OREILLE,1239.0,
53053,WA,PIERCE,4450.0,
53055,WA,SAN JUAN,1195.0,
53057,WA,SKAGIT,15727.0,611.0
53059,WA,SKAMANIA,272.0,
53061,WA,SNOHOMISH,16103.0,
53063,WA,SPOKANE,11591.0,
53065,WA,STEVENS,8190.0,75.0
53067,WA,THURSTON,9012.0,
53069,WA,WAHKIAKUM,653.0,
53071,WA,WALLA WALLA,,
53073,WA,WHATCOM,40112.0,869.0
53075,WA,WHITMAN,11978.0,
53077,WA,YAKIMA,199511.0,37253.0
54001,WV,BARBOUR,5964.0,173.0
54003,WV,BERKELEY,3759.0,
54005,WV,BOONE,,
54007,WV,BRAXTON,3877.0,111.0
54009,WV,BROOKE,1180.0,
54011,WV,CABELL,1248.0,
54013,WV,CALHOUN,1627.0,
54015,WV,CLAY,293.0,
54017,WV,DODDRIDGE,1482.0,
54019,WV,FAYETTE,1193.0,
54021,WV,GILMER,8066.0,
54023,WV,GRANT,6383.0,962.0
54025,WV,GREENBRIER,29871.0,1382.0
54027,WV,HAMPSHIRE,10440.0,88.0
54029,WV,HANCOCK,62.0,
54031,WV,HARDY,10031.0,1432.0
54033,WV,HARRISON,4550.0,
54035,WV,JACKSON,4721.0,111.0
54037,WV,JEFFERSON,3957.0,
54039,WV,KANAWHA,453.0,
54041,WV,LEWIS,4373.0,92.0
54043,WV,LINCOLN,630.0,
54047,WV,MCDOWELL,,
54049,WV,MARION,1755.0,179.0
54051,WV,MARSHALL,2075.0,78.0
54053,WV,MASON,6053.0,95.0
54055,WV,MERCER,2366.0,
54057,WV,MINERAL,2877.0,425.0
54059,WV,MINGO,106.0,
54061,WV,MONONGALIA,2549.0,
54063,WV,MONROE,14089.0,
54065,WV,MORGAN,693.0,
54067,WV,NICHOLAS,2049.0,111.0
54069,WV,OHIO,790.0,
54071,WV,PENDLETON,10651.0,120.0
54073,WV,PLEASANTS,1552.0,
54075,WV,POCAHONTAS,6731.0,
54077,WV,PRESTON,8519.0,502.0
54079,WV,PUTNAM,2010.0,159.0
54081,WV,RALEIGH,1518.0,108.0
54083,WV,RANDOLPH,4793.0,477.0
54085,WV,RITCHIE,2791.0,
54087,WV,ROANE,3466.0,385.0
54089,WV,SUMMERS,3342.0,
54091,WV,TAYLOR,2509.0,
54093,WV,TUCKER,1261.0,
54095,WV,TYLER,1620.0,90.0
54097,WV,UPSHUR,2399.0,
54099,WV,WAYNE,544.0,
54101,WV,WEBSTER,146.0,
54103,WV,WETZEL,402.0,
54105,WV,WIRT,1964.0,
54107,WV,WOOD,2445.0,52.0
54109,WV,WYOMING,,
55001,WI,ADAMS,13994.0,572.0
55003,WI,ASHLAND,4908.0,353.0
55005,WI,BARRON,41666.0,1398.0
55007,WI,BAYFIELD,2872.0,425.0
55009,WI,BROWN,108398.0,3359.0
55011,WI,BUFFALO,29179.0,5803.0
55013,WI,BURNETT,5369.0,319.0
55015,WI,CALUMET,40755.0,2917.0
55017,WI,CHIPPEWA,23664.0,2295.0
55019,WI,CLARK,71746.0,8008.0
55021,WI,COLUMBIA,26281.0,3804.0
55023,WI,CRAWFORD,14204.0,2034.0
55025,WI,DANE,63044.0,19471.0
55027,WI,DODGE,46805.0,10887.0
55029,WI,DOOR,8708.0,509.0
55031,WI,DOUGLAS,4648.0,980.0
55033,WI,DUNN,38133.0,4388.0
55035,WI,EAU CLAIRE,20377.0,1982.0
55037,WI,FLORENCE,585.0,
55039,WI,FOND DU LAC,71111.0,7297.0
55041,WI,FOREST,579.0,108.0
55043,WI,GRANT,95486.0,29272.0
55045,WI,GREEN,39074.0,6561.0
55047,WI,GREEN LAKE,9902.0,1776.0
55049,WI,IOWA,54947.0,12372.0
55051,WI,IRON,1115.0,
55053,WI,JACKSON,17063.0,3134.0
55055,WI,JEFFERSON,19047.0,1626.0
55057,WI,JUNEAU,17627.0,1861.0
55059,WI,KENOSHA,3946.0,553.0
55061,WI,KEWAUNEE,79479.0,6726.0
55063,WI,LA CROSSE,8655.0,1343.0
55065,WI,LAFAYETTE,58430.0,9614.0
55067,WI,LANGLADE,8204.0,242.0
55069,WI,LINCOLN,5245.0,1167.0
55071,WI,MANITOWOC,54514.0,1720.0
55073,WI,MARATHON,72949.0,6837.0
55075,WI,MARINETTE,21435.0,3213.0
55077,WI,MARQUETTE,6244.0,344.0
55079,WI,MILWAUKEE,,
55081,WI,MONROE,26731.0,1346.0
55083,WI,OCONTO,21070.0,962.0
55085,WI,ONEIDA,,
55087,WI,OUTAGAMIE,43214.0,3399.0
55089,WI,OZAUKEE,8328.0,1960.0
55091,WI,PEPIN,17012.0,1415.0
55093,WI,PIERCE,22921.0,4695.0
55095,WI,POLK,15814.0,2130.0
55097,WI,PORTAGE,23594.0,8324.0
55099,WI,PRICE,4209.0,
55101,WI,RACINE,6922.0,1561.0
55103,WI,RICHLAND,24379.0,3504.0
55105,WI,ROCK,32509.0,12776.0
55107,WI,RUSK,10827.0,367.0
55109,WI,ST CROIX,25910.0,6096.0
55111,WI,SAUK,28370.0,7836.0
55113,WI,SAWYER,1935.0,
55115,WI,SHAWANO,66114.0,3076.0
55117,WI,SHEBOYGAN,43459.0,1772.0
55119,WI,TAYLOR,16109.0,2127.0
55121,WI,TREMPEALEAU,22711.0,3004.0
55123,WI,VERNON,42146.0,3746.0
55125,WI,VILAS,17.0,
55127,WI,WALWORTH,27788.0,5305.0
55129,WI,WASHBURN,3268.0,52.0
55131,WI,WASHINGTON,16516.0,2532.0
55133,WI,WAUKESHA,2908.0,1469.0
55135,WI,WAUPACA,31490.0,2584.0
55137,WI,WAUSHARA,10135.0,1609.0
55139,WI,WINNEBAGO,20373.0,5380.0
55141,WI,WOOD,24519.0,2747.0
56001,WY,ALBANY,48335.0,
56003,WY,BIG HORN,27947.0,1668.0
56005,WY,CAMPBELL,45574.0,1586.0
56007,WY,CARBON,60649.0,541.0
56009,WY,CONVERSE,40977.0,160.0
56011,WY,CROOK,54352.0,2598.0
56013,WY,FREMONT,56243.0,1859.0
56015,WY,GOSHEN,95362.0,45986.0
56017,WY,HOT SPRINGS,10255.0,
56019,WY,JOHNSON,41217.0,647.0
56021,WY,LARAMIE,53452.0,10432.0
56023,WY,LINCOLN,27380.0,597.0
56025,WY,NATRONA,41535.0,
56027,WY,NIOBRARA,35106.0,830.0
56029,WY,PARK,24067.0,500.0
56031,WY,PLATTE,45374.0,1758.0
56033,WY,SHERIDAN,45915.0,
56035,WY,SUBLETTE,36962.0,1187.0
56037,WY,SWEETWATER,13397.0,92.0
56039,WY,TETON,5217.0,
56041,WY,UINTA,21642.0,
56043,WY,WASHAKIE,22147.0,754.0
56045,WY,WESTON,30394.0,
