fips,state,county,broilers_sold,layers_sold,turkeys_sold,poultry_sold_total
01001,AL,AUTAUGA,,142.0,,142.0
01003,AL,BALDWIN,701.0,,450.0,1151.0
01005,AL,BARBOUR,31654273.0,104100.0,,31758373.0
01007,AL,BIBB,,360.0,,360.0
01009,AL,BLOUNT,56575610.0,313727.0,6.0,56889343.0
01011,AL,BULLOCK,,,,
01013,AL,BUTLER,47993145.0,,,47993145.0
01015,AL,CALHOUN,12702313.0,379.0,,12702692.0
01017,AL,CHAMBERS,,302.0,,302.0
01019,AL,CHEROKEE,33039477.0,,,33039477.0
01021,AL,CHILTON,360.0,1612.0,21.0,1993.0
01023,AL,CHOCTAW,37500.0,,,37500.0
01025,AL,CLARKE,,80.0,8.0,88.0
01027,AL,CLAY,32480838.0,338124.0,10.0,32818972.0
01029,AL,CLEBURNE,23406961.0,48165.0,,23455126.0
01031,AL,COFFEE,64673500.0,,,64673500.0
01033,AL,COLBERT,2786600.0,,94.0,2786694.0
01035,AL,CONECUH,,,,
01037,AL,COOSA,,,,
01039,AL,COVINGTON,26763670.0,388145.0,,27151815.0
01041,AL,CRENSHAW,51299488.0,188795.0,,51488283.0
01043,AL,CULLMAN,87345796.0,1383839.0,1710.0,88731345.0
01045,AL,DALE,59102166.0,197420.0,,59299586.0
01047,AL,DALLAS,,41.0,,41.0
01049,AL,DE KALB,108347266.0,1204878.0,,109552144.0
01051,AL,ELMORE,,79.0,,79.0
01053,AL,ESCAMBIA,,527.0,,527.0
01055,AL,ETOWAH,32172090.0,168825.0,,32340915.0
01057,AL,FAYETTE,6080066.0,,,6080066.0
01059,AL,FRANKLIN,34785164.0,110044.0,,34895208.0
01061,AL,GENEVA,43077171.0,,,43077171.0
01063,AL,GREENE,18.0,276.0,,294.0
01065,AL,HALE,2016092.0,816.0,,2016908.0
01067,AL,HENRY,12282800.0,,6.0,12282806.0
01069,AL,HOUSTON,4040078.0,13.0,,4040091.0
01071,AL,JACKSON,27193468.0,156556.0,,27350024.0
01073,AL,JEFFERSON,1200069.0,200.0,,1200269.0
01075,AL,LAMAR,,49.0,,49.0
01077,AL,LAUDERDALE,5457500.0,71936.0,75.0,5529511.0
01079,AL,LAWRENCE,39946260.0,214223.0,261.0,40160744.0
01081,AL,LEE,146.0,76.0,,222.0
01083,AL,LIMESTONE,10637727.0,42258.0,6.0,10679991.0
01085,AL,LOWNDES,13760459.0,425.0,,13760884.0
01087,AL,MACON,264.0,42.0,,306.0
01089,AL,MADISON,623.0,1043.0,85.0,1751.0
01091,AL,MARENGO,,363.0,,363.0
01093,AL,MARION,37454800.0,,,37454800.0
01095,AL,MARSHALL,73280317.0,242827.0,,73523144.0
01097,AL,MOBILE,48.0,843.0,,891.0
01099,AL,MONROE,,,,
01101,AL,MONTGOMERY,3211717.0,37.0,,3211754.0
01103,AL,MORGAN,21684012.0,,,21684012.0
01105,AL,PERRY,,50.0,,50.0
01107,AL,PICKENS,19936041.0,101336.0,,20037377.0
01109,AL,PIKE,58485100.0,,,58485100.0
01111,AL,RANDOLPH,34998910.0,341840.0,,35340750.0
01113,AL,RUSSELL,2941078.0,133.0,,2941211.0
01115,AL,SAINT CLAIR,26481318.0,127.0,,26481445.0
01117,AL,SHELBY,78.0,40.0,,118.0
01121,AL,TALLADEGA,3504170.0,1203.0,43.0,3505416.0
01123,AL,TALLAPOOSA,3868900.0,370.0,,3869270.0
01125,AL,TUSCALOOSA,6542365.0,390.0,42.0,6542797.0
01127,AL,WALKER,12124182.0,2855.0,,12127037.0
01129,AL,WASHINGTON,,94977.0,,94977.0
01131,AL,WILCOX,,,,
01133,AL,WINSTON,1814766.0,94991.0,10.0,1909767.0
04001,AZ,APACHE,150.0,618.0,,768.0
04003,AZ,COCHISE,,375.0,1098.0,1473.0
04005,AZ,COCONINO,,255.0,37.0,292.0
04007,AZ,GILA,129.0,361.0,,490.0
04009,AZ,GRAHAM,,,,
04011,AZ,GREENLEE,,32.0,,32.0
04012,AZ,LAPAZ,,,,
04013,AZ,MARICOPA,553.0,,182.0,735.0
04015,AZ,MOHAVE,,137.0,,137.0
04017,AZ,NAVAJO,,379.0,,379.0
04019,AZ,PIMA,,129.0,76.0,205.0
04021,AZ,PINAL,,7179.0,,7179.0
04025,AZ,YAVAPAI,,1809.0,550.0,2359.0
04027,AZ,YUMA,,25.0,27.0,52.0
05001,AR,ARKANSAS,,,,
05003,AR,ASHLEY,,240370.0,,240370.0
05005,AR,BAXTER,,50.0,734315.0,734365.0
05007,AR,BENTON,122249191.0,555703.0,703618.0,123508512.0
05009,AR,BOONE,13546986.0,131160.0,4399434.0,18077580.0
05011,AR,BRADLEY,3440000.0,640629.0,,4080629.0
05013,AR,CALHOUN,,,,
05015,AR,CARROLL,43589392.0,991448.0,6398931.0,50979771.0
05019,AR,CLARK,2160200.0,,,2160200.0
05021,AR,CLAY,17494400.0,,,17494400.0
05023,AR,CLEBURNE,5339906.0,68.0,,5339974.0
05025,AR,CLEVELAND,17500799.0,96000.0,,17596799.0
05027,AR,COLUMBIA,3713200.0,40952.0,,3754152.0
05029,AR,CONWAY,31143660.0,,,31143660.0
05031,AR,CRAIGHEAD,,,,
05033,AR,CRAWFORD,5089444.0,258.0,,5089702.0
05035,AR,CRITTENDEN,,324.0,,324.0
05037,AR,CROSS,,,,
05043,AR,DREW,3708152.0,158516.0,,3866668.0
05045,AR,FAULKNER,149.0,566.0,,715.0
05047,AR,FRANKLIN,20866571.0,227770.0,2367766.0,23462107.0
05049,AR,FULTON,3240000.0,32901.0,26.0,3272927.0
05051,AR,GARLAND,,95796.0,,95796.0
05053,AR,GRANT,,321.0,57.0,378.0
05055,AR,GREENE,,970.0,8.0,978.0
05057,AR,HEMPSTEAD,50298199.0,310903.0,,50609102.0
05059,AR,HOT SPRING,2016.0,367806.0,,369822.0
05061,AR,HOWARD,45603477.0,447313.0,,46050790.0
05063,AR,INDEPENDENCE,31101932.0,,12.0,31101944.0
05065,AR,IZARD,9917898.0,25973.0,,9943871.0
05067,AR,JACKSON,896000.0,99.0,,896099.0
05069,AR,JEFFERSON,1992000.0,16.0,,1992016.0
05071,AR,JOHNSON,17020200.0,284180.0,3335440.0,20639820.0
05073,AR,LAFAYETTE,18655333.0,,,18655333.0
05075,AR,LAWRENCE,14490280.0,89820.0,,14580100.0
05077,AR,LEE,,,,
05079,AR,LINCOLN,16826336.0,118100.0,,16944436.0
05081,AR,LITTLE RIVER,14859250.0,357000.0,,15216250.0
05083,AR,LOGAN,35043607.0,159208.0,2652000.0,37854815.0
05085,AR,LONOKE,,321.0,,321.0
05087,AR,MADISON,48925577.0,514596.0,1588450.0,51028623.0
05089,AR,MARION,,373.0,1990023.0,1990396.0
05091,AR,MILLER,,230024.0,,230024.0
05093,AR,MISSISSIPPI,,45130.0,,45130.0
05097,AR,MONTGOMERY,1371500.0,114070.0,,1485570.0
05099,AR,NEVADA,12699448.0,186328.0,12.0,12885788.0
05101,AR,NEWTON,,,1239002.0,1239002.0
05103,AR,OUACHITA,1971000.0,,,1971000.0
05105,AR,PERRY,6510250.0,98.0,,6510348.0
05107,AR,PHILLIPS,,,,
05109,AR,PIKE,13431000.0,620656.0,,14051656.0
05111,AR,POINSETT,,100.0,,100.0
05113,AR,POLK,30499248.0,168486.0,,30667734.0
05115,AR,POPE,28210818.0,79088.0,,28289906.0
05117,AR,PRAIRIE,54.0,15.0,,69.0
05119,AR,PULASKI,1317092.0,110.0,,1317202.0
05121,AR,RANDOLPH,30443400.0,1109592.0,,31552992.0
05125,AR,SALINE,,181.0,17.0,198.0
05127,AR,SCOTT,37003221.0,82596.0,,37085817.0
05129,AR,SEARCY,,73.0,906000.0,906073.0
05131,AR,SEBASTIAN,17519919.0,202972.0,,17722891.0
05133,AR,SEVIER,52392777.0,89045.0,,52481822.0
05135,AR,SHARP,36346316.0,152508.0,,36498824.0
05137,AR,STONE,14736577.0,5694.0,315.0,14742586.0
05139,AR,UNION,2015000.0,,,2015000.0
05141,AR,VAN BUREN,,163.0,,163.0
05143,AR,WASHINGTON,81652276.0,863743.0,905342.0,83421361.0
05145,AR,WHITE,21712436.0,181684.0,54.0,21894174.0
05149,AR,YELL,52787913.0,447103.0,,53235016.0
06001,CA,ALAMEDA,,19.0,,19.0
06003,CA,ALPINE,,,,
06005,CA,AMADOR,,571.0,,571.0
06007,CA,BUTTE,482.0,701.0,57.0,1240.0
06009,CA,CALAVERAS,,496.0,160037.0,160533.0
06013,CA,CONTRA COSTA,270.0,3380.0,360.0,4010.0
06015,CA,DEL NORTE,,,,
06017,CA,EL DORADO,1441.0,1348.0,124.0,2913.0
06019,CA,FRESNO,93956101.0,614.0,,93956715.0
06021,CA,GLENN,,,,
06023,CA,HUMBOLDT,1940.0,294.0,485.0,2719.0
06025,CA,IMPERIAL,,60.0,,60.0
06027,CA,INYO,,,,
06029,CA,KERN,,1279.0,831.0,2110.0
06031,CA,KINGS,721310.0,300.0,72.0,721682.0
06033,CA,LAKE,,126.0,,126.0
06035,CA,LASSEN,167.0,76.0,58.0,301.0
06037,CA,LOS ANGELES,,,9.0,9.0
06039,CA,MADERA,,,,
06041,CA,MARIN,8800.0,8429.0,195.0,17424.0
06043,CA,MARIPOSA,,108.0,,108.0
06045,CA,MENDOCINO,3206.0,1885.0,,5091.0
06047,CA,MERCED,,950253.0,,950253.0
06049,CA,MODOC,,38.0,,38.0
06051,CA,MONO,,15.0,,15.0
06053,CA,MONTEREY,1175.0,149.0,,1324.0
06055,CA,NAPA,,320.0,,320.0
06057,CA,NEVADA,471.0,737.0,229.0,1437.0
06059,CA,ORANGE,,,,
06061,CA,PLACER,,571.0,20.0,591.0
06063,CA,PLUMAS,915.0,240.0,,1155.0
06065,CA,RIVERSIDE,1717.0,221452.0,435.0,223604.0
06067,CA,SACRAMENTO,5448505.0,2005.0,,5450510.0
06069,CA,SAN BENITO,28815.0,,,28815.0
06071,CA,SAN BERNARDINO,1018.0,285609.0,157.0,286784.0
06073,CA,SAN DIEGO,25161.0,48742.0,197.0,74100.0
06077,CA,SAN JOAQUIN,2701260.0,,,2701260.0
06079,CA,SAN LUIS OBISPO,2224.0,3150.0,12.0,5386.0
06081,CA,SAN MATEO,,540.0,,540.0
06083,CA,SANTA BARBARA,1100.0,60.0,1442.0,2602.0
06085,CA,SANTA CLARA,,148.0,,148.0
06087,CA,SANTA CRUZ,,22.0,,22.0
06089,CA,SHASTA,522.0,4265.0,18.0,4805.0
06093,CA,SISKIYOU,109.0,113.0,,222.0
06095,CA,SOLANO,,,,
06097,CA,SONOMA,,317086.0,721.0,317807.0
06099,CA,STANISLAUS,50162642.0,398261.0,,50560903.0
06101,CA,SUTTER,90.0,70.0,5.0,165.0
06103,CA,TEHAMA,,396.0,,396.0
06105,CA,TRINITY,530.0,64.0,80.0,674.0
06107,CA,TULARE,,38.0,,38.0
06109,CA,TUOLUMNE,424.0,164.0,,588.0
06111,CA,VENTURA,,100.0,,100.0
06113,CA,YOLO,4818.0,763.0,60.0,5641.0
06115,CA,YUBA,630.0,1689.0,16.0,2335.0
08001,CO,ADAMS,455.0,662.0,57.0,1174.0
08003,CO,ALAMOSA,,330.0,,330.0
08005,CO,ARAPAHOE,276.0,3878.0,50.0,4204.0
08007,CO,ARCHULETA,,,,
08009,CO,BACA,,,,
08011,CO,BENT,100.0,105.0,,205.0
08013,CO,BOULDER,1018.0,1188.0,147.0,2353.0
08017,CO,CHEYENNE,,,,
08021,CO,CONEJOS,,221.0,,221.0
08025,CO,CROWLEY,,278.0,60.0,338.0
08027,CO,CUSTER,112.0,34.0,,146.0
08029,CO,DELTA,13901.0,2121.0,239.0,16261.0
08035,CO,DOUGLAS,,280.0,24.0,304.0
08037,CO,EAGLE,94.0,38.0,48.0,180.0
08039,CO,ELBERT,2105.0,1275.0,290.0,3670.0
08041,CO,EL PASO,1124.0,868.0,280.0,2272.0
08043,CO,FREMONT,,648.0,,648.0
08045,CO,GARFIELD,170.0,587.0,,757.0
08049,CO,GRAND,,84.0,,84.0
08051,CO,GUNNISON,,500.0,,500.0
08055,CO,HUERFANO,120.0,119.0,,239.0
08057,CO,JACKSON,,40.0,,40.0
08059,CO,JEFFERSON,45.0,153.0,14.0,212.0
08061,CO,KIOWA,,,,
08063,CO,KIT CARSON,,,,
08067,CO,LA PLATA,,1197.0,224.0,1421.0
08069,CO,LARIMER,,2397.0,3876.0,6273.0
08071,CO,LAS ANIMAS,,4068.0,,4068.0
08073,CO,LINCOLN,,,,
08075,CO,LOGAN,,40.0,,40.0
08077,CO,MESA,858.0,,48.0,906.0
08081,CO,MOFFAT,,,,
08083,CO,MONTEZUMA,330.0,665.0,24.0,1019.0
08085,CO,MONTROSE,187.0,,,187.0
08087,CO,MORGAN,4354.0,1640.0,158.0,6152.0
08089,CO,OTERO,,,,
08091,CO,OURAY,,,,
08093,CO,PARK,200.0,84.0,,284.0
08095,CO,PHILLIPS,,,,
08097,CO,PITKIN,1260.0,,,1260.0
08099,CO,PROWERS,,,,
08101,CO,PUEBLO,,892.0,,892.0
08103,CO,RIO BLANCO,,,26.0,26.0
08105,CO,RIO GRANDE,,225.0,,225.0
08107,CO,ROUTT,920.0,1517.0,93.0,2530.0
08109,CO,SAGUACHE,,,,
08113,CO,SAN MIGUEL,,,,
08119,CO,TELLER,150.0,213.0,,363.0
08121,CO,WASHINGTON,,,,
08123,CO,WELD,,6779028.0,964.0,6779992.0
08125,CO,YUMA,89.0,,,89.0
09001,CT,FAIRFIELD,4453.0,632.0,739.0,5824.0
09003,CT,HARTFORD,7570.0,474.0,549.0,8593.0
09005,CT,LITCHFIELD,9186.0,1884.0,635.0,11705.0
09007,CT,MIDDLESEX,720.0,751.0,,1471.0
09009,CT,NEW HAVEN,1497.0,1277.0,,2774.0
09011,CT,NEW LONDON,13603.0,,804.0,14407.0
09013,CT,TOLLAND,34004.0,1305.0,1263.0,36572.0
09015,CT,WINDHAM,152607.0,488.0,,153095.0
10001,DE,KENT,62176017.0,309.0,,62176326.0
10003,DE,NEW CASTLE,3527430.0,,,3527430.0
10005,DE,SUSSEX,176369472.0,650.0,,176370122.0
12001,FL,ALACHUA,1324.0,765.0,,2089.0
12003,FL,BAKER,,117.0,,117.0
12005,FL,BAY,,170.0,,170.0
12007,FL,BRADFORD,,,20.0,20.0
12009,FL,BREVARD,451.0,3628.0,,4079.0
12011,FL,BROWARD,233.0,421.0,,654.0
12015,FL,CHARLOTTE,87.0,184.0,,271.0
12017,FL,CITRUS,3575.0,537.0,162.0,4274.0
12019,FL,CLAY,182.0,305.0,78.0,565.0
12021,FL,COLLIER,,34.0,,34.0
12023,FL,COLUMBIA,,,121.0,121.0
12027,FL,DE SOTO,4830.0,2327.0,,7157.0
12029,FL,DIXIE,,,,
12033,FL,ESCAMBIA,45.0,288.0,,333.0
12039,FL,GADSDEN,,,,
12041,FL,GILCHRIST,1415.0,272.0,33.0,1720.0
12043,FL,GLADES,,60.0,,60.0
12047,FL,HAMILTON,4500000.0,,,4500000.0
12049,FL,HARDEE,,,,
12051,FL,HENDRY,252.0,,,252.0
12053,FL,HERNANDO,690.0,874.0,88.0,1652.0
12055,FL,HIGHLANDS,,,,
12057,FL,HILLSBOROUGH,,3042.0,361.0,3403.0
12059,FL,HOLMES,,166.0,,166.0
12061,FL,INDIAN RIVER,60.0,130.0,,190.0
12063,FL,JACKSON,1875750.0,236.0,78.0,1876064.0
12065,FL,JEFFERSON,73.0,245.0,12.0,330.0
12067,FL,LAFAYETTE,13048500.0,95040.0,,13143540.0
12069,FL,LAKE,1267.0,,158.0,1425.0
12071,FL,LEE,2136.0,343.0,32.0,2511.0
12073,FL,LEON,8613.0,294.0,,8907.0
12075,FL,LEVY,200.0,126.0,20.0,346.0
12079,FL,MADISON,8797000.0,,,8797000.0
12081,FL,MANATEE,,469.0,,469.0
12083,FL,MARION,958.0,902.0,89.0,1949.0
12085,FL,MARTIN,107.0,267.0,44.0,418.0
12086,FL,MIAMI-DADE,,10388.0,,10388.0
12089,FL,NASSAU,,5521.0,50.0,5571.0
12091,FL,OKALOOSA,,69.0,,69.0
12093,FL,OKEECHOBEE,,,,
12095,FL,ORANGE,,295.0,,295.0
12097,FL,OSCEOLA,,854.0,,854.0
12099,FL,PALM BEACH,1259.0,1404.0,26.0,2689.0
12101,FL,PASCO,32.0,1473890.0,178.0,1474100.0
12103,FL,PINELLAS,,12.0,,12.0
12105,FL,POLK,581.0,,22.0,603.0
12107,FL,PUTNAM,,111.0,33.0,144.0
12109,FL,ST. JOHNS,,,14.0,14.0
12111,FL,ST. LUCIE,1220.0,512.0,,1732.0
12113,FL,SANTA ROSA,36.0,258.0,9.0,303.0
12115,FL,SARASOTA,,24.0,,24.0
12117,FL,SEMINOLE,906.0,1852.0,185.0,2943.0
12119,FL,SUMTER,,,,
12121,FL,SUWANNEE,25329935.0,149625.0,,25479560.0
12123,FL,TAYLOR,3863000.0,,,3863000.0
12127,FL,VOLUSIA,382.0,2424.0,228.0,3034.0
12129,FL,WAKULLA,366.0,395.0,46.0,807.0
12131,FL,WALTON,4618000.0,,87.0,4618087.0
12133,FL,WASHINGTON,,691.0,246.0,937.0
13001,GA,APPLING,18079923.0,601493.0,,18681416.0
13003,GA,ATKINSON,6353450.0,,,6353450.0
13005,GA,BACON,3378690.0,501445.0,,3880135.0
13007,GA,BAKER,,,,
13011,GA,BANKS,36735764.0,492652.0,,37228416.0
13013,GA,BARROW,15154900.0,64.0,8.0,15154972.0
13015,GA,BARTOW,15446214.0,,,15446214.0
13017,GA,BEN HILL,,,,
13019,GA,BERRIEN,6364000.0,,,6364000.0
13021,GA,BIBB,3894300.0,290.0,6.0,3894596.0
13025,GA,BRANTLEY,,,,
13027,GA,BROOKS,1750510.0,70.0,,1750580.0
13029,GA,BRYAN,,450.0,60.0,510.0
13031,GA,BULLOCH,4027114.0,285.0,4.0,4027403.0
13033,GA,BURKE,4820.0,342.0,,5162.0
13035,GA,BUTTS,,,,
13037,GA,CALHOUN,,,,
13039,GA,CAMDEN,99.0,,,99.0
13043,GA,CANDLER,,45158.0,,45158.0
13045,GA,CARROLL,48573448.0,131578.0,,48705026.0
13047,GA,CATOOSA,7044000.0,27.0,,7044027.0
13049,GA,CHARLTON,,,,
13053,GA,CHATTAHOOCHEE,,,,
13055,GA,CHATTOOGA,14784000.0,164006.0,,14948006.0
13057,GA,CHEROKEE,878000.0,163.0,,878163.0
13059,GA,CLARKE,,,,
13061,GA,CLAY,,,,
13063,GA,CLAYTON,,,,
13065,GA,CLINCH,,,,
13067,GA,COBB,75.0,195.0,,270.0
13069,GA,COFFEE,27213550.0,,600.0,27214150.0
13071,GA,COLQUITT,35440721.0,210396.0,,35651117.0
13073,GA,COLUMBIA,64.0,338.0,39.0,441.0
13075,GA,COOK,7535399.0,185.0,236.0,7535820.0
13077,GA,COWETA,,63.0,,63.0
13079,GA,CRAWFORD,16644054.0,,,16644054.0
13081,GA,CRISP,,,,
13083,GA,DADE,9009659.0,100000.0,,9109659.0
13085,GA,DAWSON,23567220.0,,,23567220.0
13087,GA,DECATUR,3534706.0,,,3534706.0
13091,GA,DODGE,,,,
13093,GA,DOOLY,3222400.0,,,3222400.0
13095,GA,DOUGHERTY,,,,
13097,GA,DOUGLAS,,100.0,,100.0
13099,GA,EARLY,,,,
13101,GA,ECHOLS,,,,
13103,GA,EFFINGHAM,4300.0,410.0,,4710.0
13105,GA,ELBERT,29194270.0,587862.0,,29782132.0
13107,GA,EMANUEL,2920.0,80.0,,3000.0
13109,GA,EVANS,3955004.0,240.0,,3955244.0
13111,GA,FANNIN,,,,
13113,GA,FAYETTE,80.0,535.0,62.0,677.0
13115,GA,FLOYD,11155392.0,72.0,60.0,11155524.0
13117,GA,FORSYTH,5076510.0,47125.0,,5123635.0
13119,GA,FRANKLIN,79725917.0,1009344.0,,80735261.0
13121,GA,FULTON,,120.0,,120.0
13123,GA,GILMER,48173357.0,314033.0,56.0,48487446.0
13125,GA,GLASCOCK,,160.0,,160.0
13127,GA,GLYNN,,52.0,16.0,68.0
13129,GA,GORDON,62908367.0,101783.0,,63010150.0
13131,GA,GRADY,13095070.0,,,13095070.0
13133,GA,GREENE,11108133.0,,,11108133.0
13135,GA,GWINNETT,,,,
13137,GA,HABERSHAM,17531245.0,431156.0,,17962401.0
13139,GA,HALL,20792620.0,1204790.0,4.0,21997414.0
13141,GA,HANCOCK,,,,
13143,GA,HARALSON,15628012.0,,,15628012.0
13145,GA,HARRIS,,725.0,,725.0
13147,GA,HART,53837031.0,1325958.0,,55162989.0
13149,GA,HEARD,12325550.0,,,12325550.0
13151,GA,HENRY,,87.0,,87.0
13153,GA,HOUSTON,,7620.0,120.0,7740.0
13155,GA,IRWIN,2172000.0,,,2172000.0
13157,GA,JACKSON,45702416.0,1099537.0,,46801953.0
13159,GA,JASPER,,2365965.0,450.0,2366415.0
13161,GA,JEFF DAVIS,3877395.0,140120.0,,4017515.0
13163,GA,JEFFERSON,4600.0,4956.0,,9556.0
13165,GA,JENKINS,60.0,41.0,,101.0
13167,GA,JOHNSON,,5.0,,5.0
13169,GA,JONES,3249500.0,930.0,,3250430.0
13171,GA,LAMAR,9688512.0,112.0,12.0,9688636.0
13173,GA,LANIER,,425.0,40.0,465.0
13175,GA,LAURENS,,71053.0,32.0,71085.0
13179,GA,LIBERTY,,89.0,,89.0
13181,GA,LINCOLN,,,,
13183,GA,LONG,1900000.0,450.0,,1900450.0
13185,GA,LOWNDES,,,,
13187,GA,LUMPKIN,13428590.0,115766.0,,13544356.0
13189,GA,MCDUFFIE,,390.0,,390.0
13193,GA,MACON,34736213.0,,,34736213.0
13195,GA,MADISON,67578186.0,303650.0,,67881836.0
13197,GA,MARION,,1929.0,32.0,1961.0
13199,GA,MERIWETHER,,275.0,,275.0
13201,GA,MILLER,,,,
13205,GA,MITCHELL,22290910.0,,,22290910.0
13207,GA,MONROE,12489408.0,1752.0,12.0,12491172.0
13209,GA,MONTGOMERY,53.0,34.0,111.0,198.0
13211,GA,MORGAN,11595481.0,,,11595481.0
13213,GA,MURRAY,35533434.0,171044.0,,35704478.0
13217,GA,NEWTON,910.0,174.0,,1084.0
13219,GA,OCONEE,4296961.0,104.0,,4297065.0
13221,GA,OGLETHORPE,71662009.0,77008.0,,71739017.0
13223,GA,PAULDING,,17.0,,17.0
13225,GA,PEACH,,152.0,6.0,158.0
13227,GA,PICKENS,8376458.0,44.0,,8376502.0
13229,GA,PIERCE,,,8.0,8.0
13231,GA,PIKE,,59.0,,59.0
13233,GA,POLK,7958660.0,820.0,16.0,7959496.0
13235,GA,PULASKI,4345800.0,,,4345800.0
13237,GA,PUTNAM,,157.0,,157.0
13239,GA,QUITMAN,,,,
13241,GA,RABUN,1184000.0,58.0,,1184058.0
13245,GA,RICHMOND,,,11.0,11.0
13247,GA,ROCKDALE,,220.0,,220.0
13249,GA,SCHLEY,,,44.0,44.0
13255,GA,SPALDING,,290.0,,290.0
13257,GA,STEPHENS,12427500.0,70000.0,,12497500.0
13261,GA,SUMTER,8121154.0,,,8121154.0
13265,GA,TALIAFERRO,13597508.0,,,13597508.0
13267,GA,TATTNALL,60250239.0,144446.0,,60394685.0
13269,GA,TAYLOR,6871606.0,4536.0,,6876142.0
13275,GA,THOMAS,3255000.0,,79.0,3255079.0
13277,GA,TIFT,,,,
13279,GA,TOOMBS,7389240.0,102235.0,200.0,7491675.0
13281,GA,TOWNS,,,,
13283,GA,TREUTLEN,,90.0,,90.0
13285,GA,TROUP,24.0,101.0,,125.0
13287,GA,TURNER,,,,
13289,GA,TWIGGS,,,,
13291,GA,UNION,28.0,70.0,7.0,105.0
13293,GA,UPSON,9177295.0,50.0,,9177345.0
13295,GA,WALKER,28677516.0,420088.0,49.0,29097653.0
13297,GA,WALTON,4194000.0,694.0,,4194694.0
13299,GA,WARE,1288055.0,71.0,,1288126.0
13301,GA,WARREN,,167.0,,167.0
13303,GA,WASHINGTON,,74.0,,74.0
13305,GA,WAYNE,,354988.0,,354988.0
13309,GA,WHEELER,,,,
13311,GA,WHITE,15545495.0,193174.0,,15738669.0
13313,GA,WHITFIELD,11976108.0,191204.0,,12167312.0
13315,GA,WILCOX,10880000.0,,,10880000.0
13317,GA,WILKES,21381917.0,24.0,,21381941.0
13319,GA,WILKINSON,,585.0,79.0,664.0
13321,GA,WORTH,2452372.0,120025.0,,2572397.0
15001,HI,HAWAII,1189.0,1322.0,,2511.0
15003,HI,HONOLULU,,,,
15007,HI,KAUAI,60.0,136.0,,196.0
15009,HI,MAUI & KALAWAO,,,,
16001,ID,ADA,305.0,721.0,41.0,1067.0
16005,ID,BANNOCK,139.0,128.0,,267.0
16007,ID,BEAR LAKE,,,,
16009,ID,BENEWAH,66.0,,,66.0
16011,ID,BINGHAM,434.0,1021.0,38.0,1493.0
16013,ID,BLAINE,,36.0,,36.0
16015,ID,BOISE,,120.0,,120.0
16017,ID,BONNER,1505.0,1468.0,35.0,3008.0
16019,ID,BONNEVILLE,,233.0,,233.0
16021,ID,BOUNDARY,214.0,657.0,,871.0
16023,ID,BUTTE,,,,
16025,ID,CAMAS,,80.0,,80.0
16027,ID,CANYON,4198.0,7188.0,3498.0,14884.0
16029,ID,CARIBOU,96.0,52.0,,148.0
16031,ID,CASSIA,,110.0,26.0,136.0
16037,ID,CUSTER,,,,
16039,ID,ELMORE,,,30.0,30.0
16041,ID,FRANKLIN,72.0,,,72.0
16043,ID,FREMONT,,211.0,8.0,219.0
16045,ID,GEM,116.0,209.0,,325.0
16047,ID,GOODING,,,,
16049,ID,IDAHO,,246.0,,246.0
16051,ID,JEFFERSON,325.0,1061.0,20.0,1406.0
16053,ID,JEROME,260.0,,,260.0
16055,ID,KOOTENAI,142.0,236.0,,378.0
16057,ID,LATAH,998.0,1893.0,,2891.0
16059,ID,LEMHI,750.0,24.0,,774.0
16061,ID,LEWIS,,,,
16063,ID,LINCOLN,,64.0,,64.0
16065,ID,MADISON,,60.0,,60.0
16067,ID,MINIDOKA,,66.0,,66.0
16069,ID,NEZ PERCE,,515.0,,515.0
16071,ID,ONEIDA,,114.0,,114.0
16073,ID,OWYHEE,,24.0,,24.0
16075,ID,PAYETTE,308.0,110.0,10.0,428.0
16079,ID,SHOSHONE,120.0,,,120.0
16081,ID,TETON,,72.0,40.0,112.0
16083,ID,TWIN FALLS,304.0,221.0,28.0,553.0
16085,ID,VALLEY,201.0,26.0,,227.0
16087,ID,WASHINGTON,,53.0,,53.0
17001,IL,ADAMS,,1024.0,,1024.0
17003,IL,ALEXANDER,,,,
17005,IL,BOND,150.0,49.0,,199.0
17007,IL,BOONE,884.0,259.0,,1143.0
17009,IL,BROWN,320.0,66.0,,386.0
17011,IL,BUREAU,256.0,47.0,127.0,430.0
17015,IL,CARROLL,325.0,,,325.0
17019,IL,CHAMPAIGN,1090.0,244.0,,1334.0
17021,IL,CHRISTIAN,36.0,500.0,3.0,539.0
17023,IL,CLARK,,292.0,,292.0
17025,IL,CLAY,300.0,,,300.0
17027,IL,CLINTON,5422.0,,450.0,5872.0
17029,IL,COLES,210.0,,,210.0
17031,IL,COOK,150.0,200.0,,350.0
17033,IL,CRAWFORD,,,240000.0,240000.0
17035,IL,CUMBERLAND,,,,
17037,IL,DE KALB,1568.0,,,1568.0
17039,IL,DE WITT,150.0,136.0,,286.0
17041,IL,DOUGLAS,102600.0,385.0,,102985.0
17043,IL,DU PAGE,600.0,,,600.0
17045,IL,EDGAR,4998.0,965.0,,5963.0
17047,IL,EDWARDS,,59.0,,59.0
17049,IL,EFFINGHAM,635.0,,,635.0
17051,IL,FAYETTE,,4692.0,,4692.0
17053,IL,FORD,,,,
17055,IL,FRANKLIN,,,,
17057,IL,FULTON,140.0,2164.0,,2304.0
17061,IL,GREENE,400.0,285.0,16.0,701.0
17063,IL,GRUNDY,1491.0,,529.0,2020.0
17065,IL,HAMILTON,,,,
17067,IL,HANCOCK,153.0,192.0,,345.0
17069,IL,HARDIN,,,,
17071,IL,HENDERSON,,141.0,,141.0
17073,IL,HENRY,400.0,180.0,,580.0
17075,IL,IROQUOIS,6452.0,,288.0,6740.0
17077,IL,JACKSON,60.0,65322.0,6.0,65388.0
17081,IL,JEFFERSON,,4792.0,,4792.0
17083,IL,JERSEY,,,,
17085,IL,JO DAVIESS,211.0,,9.0,220.0
17087,IL,JOHNSON,,54.0,15.0,69.0
17089,IL,KANE,21372.0,1812.0,2436.0,25620.0
17091,IL,KANKAKEE,1716.0,,190.0,1906.0
17093,IL,KENDALL,105.0,85.0,45.0,235.0
17095,IL,KNOX,,56.0,,56.0
17097,IL,LAKE,,37.0,,37.0
17099,IL,LA SALLE,5155.0,112.0,215.0,5482.0
17101,IL,LAWRENCE,466.0,,735839.0,736305.0
17103,IL,LEE,,,,
17105,IL,LIVINGSTON,,108.0,332177.0,332285.0
17109,IL,MCDONOUGH,,78.0,,78.0
17111,IL,MCHENRY,7645.0,858.0,660.0,9163.0
17113,IL,MCLEAN,4500.0,385.0,,4885.0
17115,IL,MACON,535.0,203.0,,738.0
17117,IL,MACOUPIN,1380.0,53.0,,1433.0
17119,IL,MADISON,,690.0,20.0,710.0
17121,IL,MARION,,,,
17123,IL,MARSHALL,,,,
17125,IL,MASON,,,,
17129,IL,MENARD,690.0,,,690.0
17131,IL,MERCER,,,,
17133,IL,MONROE,180.0,,,180.0
17135,IL,MONTGOMERY,140.0,18.0,,158.0
17137,IL,MORGAN,3905.0,,,3905.0
17139,IL,MOULTRIE,257908.0,256.0,,258164.0
17141,IL,OGLE,440.0,,8.0,448.0
17143,IL,PEORIA,2079.0,1411.0,174.0,3664.0
17147,IL,PIATT,184.0,188.0,,372.0
17151,IL,POPE,,,,
17153,IL,PULASKI,,,,
17155,IL,PUTNAM,,,,
17157,IL,RANDOLPH,,,,
17159,IL,RICHLAND,,317.0,,317.0
17161,IL,ROCK ISLAND,310.0,273.0,,583.0
17163,IL,ST CLAIR,10600.0,112.0,600.0,11312.0
17165,IL,SALINE,,,,
17167,IL,SANGAMON,780.0,280.0,,1060.0
17169,IL,SCHUYLER,,24.0,,24.0
17173,IL,SHELBY,,223.0,,223.0
17175,IL,STARK,3675.0,,822.0,4497.0
17177,IL,STEPHENSON,1381.0,,22.0,1403.0
17179,IL,TAZEWELL,2471.0,197.0,,2668.0
17181,IL,UNION,,105.0,,105.0
17183,IL,VERMILION,17400.0,360.0,8.0,17768.0
17187,IL,WARREN,852.0,203.0,18.0,1073.0
17189,IL,WASHINGTON,,60.0,,60.0
17191,IL,WAYNE,50.0,186.0,865004.0,865240.0
17193,IL,WHITE,168.0,,,168.0
17195,IL,WHITESIDE,1063.0,69837.0,129.0,71029.0
17197,IL,WILL,,499.0,,499.0
17199,IL,WILLIAMSON,,,,
17201,IL,WINNEBAGO,1476.0,74.0,104.0,1654.0
17203,IL,WOODFORD,7824.0,2182.0,,10006.0
18001,IN,ADAMS,993.0,,393000.0,393993.0
18003,IN,ALLEN,,40492.0,109.0,40601.0
18005,IN,BARTHOLOMEW,,,,
18009,IN,BLACKFORD,,,,
18011,IN,BOONE,,125.0,,125.0
18013,IN,BROWN,450.0,985.0,,1435.0
18015,IN,CARROLL,868.0,214.0,,1082.0
18017,IN,CASS,,,,
18019,IN,CLARK,,273.0,92.0,365.0
18021,IN,CLAY,45.0,203.0,,248.0
18023,IN,CLINTON,,,,
18025,IN,CRAWFORD,,,,
18027,IN,DAVIESS,,1345.0,6301851.0,6303196.0
18029,IN,DEARBORN,314.0,,,314.0
18031,IN,DECATUR,701.0,,,701.0
18033,IN,DE KALB,620.0,,,620.0
18035,IN,DELAWARE,135.0,329.0,49.0,513.0
18037,IN,DUBOIS,,,5140256.0,5140256.0
18039,IN,ELKHART,11241510.0,361224.0,399.0,11603133.0
18041,IN,FAYETTE,,,,
18043,IN,FLOYD,620.0,,,620.0
18047,IN,FRANKLIN,59.0,133.0,,192.0
18049,IN,FULTON,265.0,,,265.0
18051,IN,GIBSON,800.0,,,800.0
18053,IN,GRANT,,,,
18055,IN,GREENE,2210.0,140.0,986000.0,988350.0
18057,IN,HAMILTON,,203.0,,203.0
18059,IN,HANCOCK,31650.0,65.0,920.0,32635.0
18061,IN,HARRISON,3187010.0,58.0,,3187068.0
18063,IN,HENDRICKS,1611.0,330.0,80.0,2021.0
18065,IN,HENRY,373.0,24.0,92.0,489.0
18067,IN,HOWARD,,,,
18069,IN,HUNTINGTON,28.0,192107.0,,192135.0
18071,IN,JACKSON,197.0,,,197.0
18073,IN,JASPER,,102.0,30.0,132.0
18075,IN,JAY,,,2129000.0,2129000.0
18077,IN,JEFFERSON,3200.0,2473.0,,5673.0
18079,IN,JENNINGS,4010.0,276.0,,4286.0
18081,IN,JOHNSON,533.0,601.0,,1134.0
18083,IN,KNOX,,,817664.0,817664.0
18085,IN,KOSCIUSKO,3455426.0,,96.0,3455522.0
18087,IN,LAGRANGE,12088804.0,850458.0,10243.0,12949505.0
18089,IN,LAKE,,98.0,,98.0
18091,IN,LA PORTE,162.0,,,162.0
18093,IN,LAWRENCE,1878.0,143.0,,2021.0
18095,IN,MADISON,,,,
18097,IN,MARION,,,,
18099,IN,MARSHALL,1774963.0,685.0,55.0,1775703.0
18101,IN,MARTIN,,,1363101.0,1363101.0
18103,IN,MIAMI,,,3.0,3.0
18105,IN,MONROE,,136.0,,136.0
18107,IN,MONTGOMERY,202.0,641.0,45002.0,45845.0
18109,IN,MORGAN,41.0,188.0,30.0,259.0
18111,IN,NEWTON,,,,
18113,IN,NOBLE,2145907.0,,85.0,2145992.0
18117,IN,ORANGE,,,1109265.0,1109265.0
18119,IN,OWEN,186.0,70.0,,256.0
18121,IN,PARKE,866.0,87474.0,110.0,88450.0
18123,IN,PERRY,,14.0,198548.0,198562.0
18125,IN,PIKE,,,591000.0,591000.0
18127,IN,PORTER,214.0,184.0,,398.0
18129,IN,POSEY,,23.0,,23.0
18131,IN,PULASKI,300.0,,,300.0
18133,IN,PUTNAM,704.0,235.0,120.0,1059.0
18135,IN,RANDOLPH,,2008.0,824000.0,826008.0
18137,IN,RIPLEY,110.0,85.0,,195.0
18139,IN,RUSH,,,,
18141,IN,ST. JOSEPH,460.0,3354.0,,3814.0
18143,IN,SCOTT,570.0,123.0,,693.0
18145,IN,SHELBY,5300.0,1020.0,,6320.0
18147,IN,SPENCER,,521.0,516600.0,517121.0
18149,IN,STARKE,105.0,,16.0,121.0
18151,IN,STEUBEN,,,,
18153,IN,SULLIVAN,,,439000.0,439000.0
18155,IN,SWITZERLAND,160.0,143.0,,303.0
18157,IN,TIPPECANOE,,311.0,,311.0
18159,IN,TIPTON,600.0,,,600.0
18161,IN,UNION,100.0,,,100.0
18163,IN,VANDERBURGH,,21.0,,21.0
18165,IN,VERMILLION,,,,
18167,IN,VIGO,112.0,57.0,26.0,195.0
18169,IN,WABASH,598.0,,,598.0
18171,IN,WARREN,,66.0,48.0,114.0
18173,IN,WARRICK,,,,
18175,IN,WASHINGTON,14424400.0,151138.0,1646320.0,16221858.0
18177,IN,WAYNE,653.0,5558.0,3826.0,10037.0
18179,IN,WELLS,,,,
18181,IN,WHITE,,,,
18183,IN,WHITLEY,,,,
19001,IA,ADAIR,810.0,,,810.0
19005,IA,ALLAMAKEE,,,,
19007,IA,APPANOOSE,90.0,24.0,17.0,131.0
19009,IA,AUDUBON,980.0,,,980.0
19011,IA,BENTON,646.0,75.0,,721.0
19013,IA,BLACK HAWK,895.0,174.0,,1069.0
19015,IA,BOONE,365.0,,,365.0
19017,IA,BREMER,2075.0,499.0,711971.0,714545.0
19019,IA,BUCHANAN,17290.0,9377.0,,26667.0
19021,IA,BUENA VISTA,,,2731773.0,2731773.0
19023,IA,BUTLER,,285.0,,285.0
19025,IA,CALHOUN,,6.0,,6.0
19027,IA,CARROLL,694.0,679.0,,1373.0
19029,IA,CASS,,,,
19031,IA,CEDAR,243.0,144.0,73.0,460.0
19033,IA,CERRO GORDO,1776.0,,44.0,1820.0
19035,IA,CHEROKEE,,,3492000.0,3492000.0
19037,IA,CHICKASAW,215.0,,,215.0
19039,IA,CLARKE,,72.0,,72.0
19041,IA,CLAY,,245586.0,,245586.0
19043,IA,CLAYTON,1041.0,104.0,,1145.0
19045,IA,CLINTON,650.0,,,650.0
19047,IA,CRAWFORD,1480.0,,,1480.0
19049,IA,DALLAS,,124655.0,,124655.0
19051,IA,DAVIS,420.0,112686.0,,113106.0
19053,IA,DECATUR,,37080.0,,37080.0
19055,IA,DELAWARE,,36.0,45.0,81.0
19057,IA,DES MOINES,200.0,312.0,,512.0
19059,IA,DICKINSON,,,,
19061,IA,DUBUQUE,929.0,511.0,,1440.0
19063,IA,EMMET,252.0,,,252.0
19065,IA,FAYETTE,335.0,,,335.0
19067,IA,FLOYD,,68590.0,,68590.0
19069,IA,FRANKLIN,668.0,109.0,,777.0
19071,IA,FREMONT,,,,
19073,IA,GREENE,,,,
19075,IA,GRUNDY,,,36.0,36.0
19077,IA,GUTHRIE,104.0,,37.0,141.0
19079,IA,HAMILTON,,,2150191.0,2150191.0
19081,IA,HANCOCK,1050.0,,,1050.0
19083,IA,HARDIN,1291.0,,,1291.0
19085,IA,HARRISON,5430646.0,,7.0,5430653.0
19087,IA,HENRY,230.0,89.0,654601.0,654920.0
19089,IA,HOWARD,12115.0,93576.0,,105691.0
19091,IA,HUMBOLDT,,,,
19093,IA,IDA,,20.0,,20.0
19095,IA,IOWA,2623.0,102.0,38.0,2763.0
19097,IA,JACKSON,,97566.0,101.0,97667.0
19099,IA,JASPER,1465.0,153.0,,1618.0
19101,IA,JEFFERSON,248.0,,,248.0
19103,IA,JOHNSON,65943.0,88122.0,,154065.0
19105,IA,JONES,141.0,1291.0,,1432.0
19107,IA,KEOKUK,,175.0,,175.0
19109,IA,KOSSUTH,760.0,5225.0,,5985.0
19111,IA,LEE,,104.0,,104.0
19113,IA,LINN,1634.0,1087.0,144.0,2865.0
19115,IA,LOUISA,,48.0,,48.0
19117,IA,LUCAS,36.0,478.0,,514.0
19119,IA,LYON,1485.0,,28.0,1513.0
19121,IA,MADISON,897.0,,74.0,971.0
19123,IA,MAHASKA,,,,
19125,IA,MARION,1153.0,224.0,48.0,1425.0
19127,IA,MARSHALL,1524.0,212.0,18.0,1754.0
19129,IA,MILLS,720.0,160.0,42.0,922.0
19131,IA,MITCHELL,74946.0,137020.0,,211966.0
19133,IA,MONONA,,,,
19135,IA,MONROE,,,,
19137,IA,MONTGOMERY,168.0,62064.0,,62232.0
19139,IA,MUSCATINE,13102.0,2093.0,,15195.0
19141,IA,O BRIEN,470.0,41.0,,511.0
19143,IA,OSCEOLA,,,,
19147,IA,PALO ALTO,670.0,,,670.0
19149,IA,PLYMOUTH,510.0,90.0,,600.0
19151,IA,POCAHONTAS,,,588700.0,588700.0
19153,IA,POLK,853.0,436.0,56.0,1345.0
19155,IA,POTTAWATTAMIE,848503.0,,98.0,848601.0
19157,IA,POWESHIEK,,,,
19159,IA,RINGGOLD,280.0,70.0,,350.0
19161,IA,SAC,,60.0,2002115.0,2002175.0
19163,IA,SCOTT,1063.0,,,1063.0
19165,IA,SHELBY,595.0,,,595.0
19167,IA,SIOUX,1802014.0,,,1802014.0
19169,IA,STORY,3307.0,,,3307.0
19171,IA,TAMA,370.0,,,370.0
19173,IA,TAYLOR,,,,
19175,IA,UNION,,98469.0,,98469.0
19177,IA,VAN BUREN,,257.0,,257.0
19179,IA,WAPELLO,,32.0,,32.0
19181,IA,WARREN,3170.0,353.0,49.0,3572.0
19183,IA,WASHINGTON,,103926.0,753658.0,857584.0
19185,IA,WAYNE,348.0,80.0,,428.0
19187,IA,WEBSTER,770.0,,,770.0
19189,IA,WINNEBAGO,,,,
19191,IA,WINNESHIEK,,,,
19193,IA,WOODBURY,,,,
19195,IA,WORTH,4246.0,,270.0,4516.0
19197,IA,WRIGHT,,,,
20003,KS,ANDERSON,4574.0,,,4574.0
20005,KS,ATCHISON,,316.0,58.0,374.0
20009,KS,BARTON,,,,
20011,KS,BOURBON,,56.0,,56.0
20013,KS,BROWN,900.0,210.0,,1110.0
20015,KS,BUTLER,46.0,425.0,,471.0
20019,KS,CHAUTAUQUA,,,,
20021,KS,CHEROKEE,,886.0,453200.0,454086.0
20025,KS,CLARK,,,,
20027,KS,CLAY,,374.0,,374.0
20029,KS,CLOUD,,,,
20031,KS,COFFEY,,30.0,,30.0
20035,KS,COWLEY,334.0,20070.0,,20404.0
20037,KS,CRAWFORD,300.0,554.0,,854.0
20039,KS,DECATUR,,,,
20041,KS,DICKINSON,458.0,236.0,,694.0
20043,KS,DONIPHAN,,,,
20045,KS,DOUGLAS,1276.0,109.0,,1385.0
20047,KS,EDWARDS,300.0,,,300.0
20049,KS,ELK,,,,
20051,KS,ELLIS,,,,
20055,KS,FINNEY,,32.0,,32.0
20057,KS,FORD,,,,
20059,KS,FRANKLIN,461.0,392.0,30.0,883.0
20061,KS,GEARY,,605.0,,605.0
20063,KS,GOVE,,,,
20065,KS,GRAHAM,,12.0,,12.0
20069,KS,GRAY,,,,
20073,KS,GREENWOOD,,33.0,,33.0
20077,KS,HARPER,,,,
20079,KS,HARVEY,910.0,,,910.0
20081,KS,HASKELL,,30.0,,30.0
20085,KS,JACKSON,1250.0,445.0,,1695.0
20087,KS,JEFFERSON,1178.0,131.0,,1309.0
20089,KS,JEWELL,,,,
20091,KS,JOHNSON,3078.0,102.0,57.0,3237.0
20093,KS,KEARNY,307.0,435.0,,742.0
20095,KS,KINGMAN,,,,
20097,KS,KIOWA,125.0,,,125.0
20099,KS,LABETTE,122.0,208.0,,330.0
20103,KS,LEAVENWORTH,1156.0,1743.0,67.0,2966.0
20105,KS,LINCOLN,,,,
20107,KS,LINN,,,37.0,37.0
20109,KS,LOGAN,,,,
20111,KS,LYON,239.0,,,239.0
20113,KS,MCPHERSON,,46053.0,,46053.0
20115,KS,MARION,309.0,,,309.0
20117,KS,MARSHALL,,70.0,,70.0
20119,KS,MEADE,,,,
20121,KS,MIAMI,366.0,181.0,,547.0
20123,KS,MITCHELL,,160.0,,160.0
20125,KS,MONTGOMERY,,,,
20129,KS,MORTON,,,,
20131,KS,NEMAHA,,114.0,,114.0
20133,KS,NEOSHO,,104.0,,104.0
20137,KS,NORTON,15.0,60.0,,75.0
20139,KS,OSAGE,213.0,308.0,,521.0
20141,KS,OSBORNE,,,,
20143,KS,OTTAWA,,80.0,,80.0
20145,KS,PAWNEE,,,,
20149,KS,POTTAWATOMIE,103.0,,150.0,253.0
20151,KS,PRATT,345.0,,,345.0
20155,KS,RENO,,,,
20157,KS,REPUBLIC,,,,
20159,KS,RICE,,,,
20161,KS,RILEY,,294.0,,294.0
20165,KS,RUSH,,,,
20169,KS,SALINE,,73.0,,73.0
20171,KS,SCOTT,,,,
20173,KS,SEDGWICK,50.0,60.0,,110.0
20175,KS,SEWARD,,56.0,,56.0
20177,KS,SHAWNEE,,601.0,35.0,636.0
20179,KS,SHERIDAN,,,,
20181,KS,SHERMAN,,,,
20183,KS,SMITH,,,,
20185,KS,STAFFORD,,,,
20191,KS,SUMNER,,59.0,,59.0
20193,KS,THOMAS,,58.0,,58.0
20195,KS,TREGO,,,,
20197,KS,WABAUNSEE,475.0,125.0,,600.0
20199,KS,WALLACE,,,,
20201,KS,WASHINGTON,,,,
20203,KS,WICHITA,240.0,,,240.0
20205,KS,WILSON,,,,
20207,KS,WOODSON,,,,
20209,KS,WYANDOTTE,,139.0,,139.0
21001,KY,ADAIR,5013436.0,76424.0,25.0,5089885.0
21003,KY,ALLEN,1472.0,44753.0,123.0,46348.0
21005,KY,ANDERSON,565.0,636.0,,1201.0
21007,KY,BALLARD,6309000.0,,,6309000.0
21009,KY,BARREN,8367761.0,692.0,,8368453.0
21011,KY,BATH,,149.0,,149.0
21013,KY,BELL,,,,
21015,KY,BOONE,763.0,64.0,,827.0
21017,KY,BOURBON,,,,
21019,KY,BOYD,,28.0,,28.0
21021,KY,BOYLE,,204.0,,204.0
21023,KY,BRACKEN,137.0,78.0,32.0,247.0
21025,KY,BREATHITT,,,,
21027,KY,BRECKINRIDGE,7945100.0,307.0,236.0,7945643.0
21029,KY,BULLITT,218.0,181.0,,399.0
21031,KY,BUTLER,2365000.0,36133.0,,2401133.0
21033,KY,CALDWELL,,91.0,,91.0
21035,KY,CALLOWAY,7335100.0,,,7335100.0
21037,KY,CAMPBELL,78.0,246.0,,324.0
21039,KY,CARLISLE,7480400.0,,,7480400.0
21041,KY,CARROLL,,,,
21043,KY,CARTER,225.0,1558.0,,1783.0
21045,KY,CASEY,1385.0,,221.0,1606.0
21047,KY,CHRISTIAN,2630426.0,103333.0,873.0,2734632.0
21049,KY,CLARK,,208.0,62.0,270.0
21051,KY,CLAY,,,,
21053,KY,CLINTON,6082616.0,,,6082616.0
21055,KY,CRITTENDEN,,105.0,51.0,156.0
21057,KY,CUMBERLAND,,268.0,,268.0
21059,KY,DAVIESS,10779004.0,1437.0,772000.0,11552441.0
21061,KY,EDMONSON,,121269.0,,121269.0
21063,KY,ELLIOTT,,133.0,,133.0
21065,KY,ESTILL,,,,
21067,KY,FAYETTE,,830.0,,830.0
21069,KY,FLEMING,,228.0,25.0,253.0
21071,KY,FLOYD,,,,
21073,KY,FRANKLIN,1221.0,250.0,,1471.0
21075,KY,FULTON,,114100.0,,114100.0
21077,KY,GALLATIN,,,,
21079,KY,GARRARD,420.0,221.0,,641.0
21081,KY,GRANT,,122.0,,122.0
21083,KY,GRAVES,54075180.0,,,54075180.0
21085,KY,GRAYSON,2424683.0,92486.0,102.0,2517271.0
21087,KY,GREEN,1732201.0,62.0,,1732263.0
21089,KY,GREENUP,,61.0,,61.0
21091,KY,HANCOCK,,84.0,188006.0,188090.0
21093,KY,HARDIN,,1059.0,16.0,1075.0
21097,KY,HARRISON,15220.0,1017.0,,16237.0
21099,KY,HART,,,80.0,80.0
21101,KY,HENDERSON,,,,
21103,KY,HENRY,,3376.0,,3376.0
21105,KY,HICKMAN,21768115.0,,,21768115.0
21107,KY,HOPKINS,14707040.0,,19.0,14707059.0
21109,KY,JACKSON,60.0,121.0,,181.0
21111,KY,JEFFERSON,,,,
21113,KY,JESSAMINE,,,,
21115,KY,JOHNSON,500.0,346.0,,846.0
21117,KY,KENTON,,162.0,,162.0
21121,KY,KNOX,61.0,276.0,,337.0
21123,KY,LARUE,126.0,597.0,18.0,741.0
21125,KY,LAUREL,85.0,1705.0,9.0,1799.0
21127,KY,LAWRENCE,,37.0,,37.0
21133,KY,LETCHER,,1020.0,,1020.0
21135,KY,LEWIS,,,20.0,20.0
21137,KY,LINCOLN,1505.0,,,1505.0
21139,KY,LIVINGSTON,,515.0,,515.0
21141,KY,LOGAN,432.0,142669.0,115.0,143216.0
21143,KY,LYON,,,,
21145,KY,MCCRACKEN,,,,
21147,KY,MCCREARY,,107.0,,107.0
21149,KY,MCLEAN,26444868.0,120984.0,443000.0,27008852.0
21151,KY,MADISON,,1173.0,,1173.0
21153,KY,MAGOFFIN,,,,
21155,KY,MARION,48.0,308.0,,356.0
21157,KY,MARSHALL,4329883.0,859.0,78.0,4330820.0
21161,KY,MASON,,120.0,,120.0
21163,KY,MEADE,1479500.0,,30.0,1479530.0
21165,KY,MENIFEE,,37.0,,37.0
21167,KY,MERCER,,214.0,53.0,267.0
21169,KY,METCALFE,,,,
21171,KY,MONROE,8100000.0,,,8100000.0
21173,KY,MONTGOMERY,72.0,342.0,,414.0
21175,KY,MORGAN,,,,
21177,KY,MUHLENBERG,7620400.0,,,7620400.0
21179,KY,NELSON,568.0,1104.0,98.0,1770.0
21181,KY,NICHOLAS,11.0,,,11.0
21183,KY,OHIO,15436628.0,171.0,,15436799.0
21185,KY,OLDHAM,6025.0,,,6025.0
21187,KY,OWEN,,,,
21191,KY,PENDLETON,,189.0,,189.0
21193,KY,PERRY,,40.0,,40.0
21195,KY,PIKE,,,,
21197,KY,POWELL,,57.0,,57.0
21199,KY,PULASKI,775.0,49712.0,602.0,51089.0
21201,KY,ROBERTSON,,,,
21203,KY,ROCKCASTLE,310.0,519.0,,829.0
21205,KY,ROWAN,640.0,95.0,,735.0
21207,KY,RUSSELL,756.0,60.0,36.0,852.0
21209,KY,SCOTT,,200.0,,200.0
21211,KY,SHELBY,12690.0,401.0,824.0,13915.0
21213,KY,SIMPSON,,66.0,58.0,124.0
21215,KY,SPENCER,183.0,256.0,,439.0
21217,KY,TAYLOR,2957624.0,833.0,447.0,2958904.0
21219,KY,TODD,2075000.0,1338224.0,,3413224.0
21221,KY,TRIGG,,154.0,,154.0
21223,KY,TRIMBLE,16.0,52.0,,68.0
21225,KY,UNION,38.0,,,38.0
21227,KY,WARREN,,212550.0,,212550.0
21229,KY,WASHINGTON,264.0,,9.0,273.0
21231,KY,WAYNE,4608500.0,126412.0,,4734912.0
21233,KY,WEBSTER,23180000.0,,,23180000.0
21235,KY,WHITLEY,146.0,107.0,,253.0
21237,KY,WOLFE,10.0,624.0,,634.0
21239,KY,WOODFORD,,14.0,,14.0
22001,LA,ACADIA,,115.0,,115.0
22003,LA,ALLEN,,90.0,,90.0
22005,LA,ASCENSION,,264.0,,264.0
22009,LA,AVOYELLES,180.0,190.0,,370.0
22011,LA,BEAUREGARD,,2726.0,,2726.0
22013,LA,BIENVILLE,3910000.0,,,3910000.0
22015,LA,BOSSIER,,150.0,43.0,193.0
22017,LA,CADDO,,468.0,6.0,474.0
22019,LA,CALCASIEU,63.0,787.0,,850.0
22021,LA,CALDWELL,,110.0,,110.0
22025,LA,CATAHOULA,,210.0,,210.0
22027,LA,CLAIBORNE,17157831.0,125778.0,,17283609.0
22029,LA,CONCORDIA,,,,
22031,LA,DE SOTO,,,,
22033,LA,EAST BATON ROUGE,,430.0,,430.0
22037,LA,EAST FELICIANA,,,,
22039,LA,EVANGELINE,,,,
22041,LA,FRANKLIN,,,,
22043,LA,GRANT,,36.0,,36.0
22045,LA,IBERIA,14.0,,,14.0
22047,LA,IBERVILLE,,,,
22049,LA,JACKSON,10919386.0,,12.0,10919398.0
22053,LA,JEFFERSON DAVIS,,,,
22055,LA,LAFAYETTE,446.0,420.0,63.0,929.0
22057,LA,LAFOURCHE,50.0,26.0,,76.0
22059,LA,LA SALLE,82.0,150.0,,232.0
22061,LA,LINCOLN,25355077.0,110650.0,108.0,25465835.0
22063,LA,LIVINGSTON,,468.0,9.0,477.0
22065,LA,MADISON,,,,
22067,LA,MOREHOUSE,,,,
22069,LA,NATCHITOCHES,6140032.0,,,6140032.0
22071,LA,ORLEANS,36.0,,,36.0
22073,LA,OUACHITA,,,,
22075,LA,PLAQUEMINES,,,,
22077,LA,POINTE COUPEE,,,,
22079,LA,RAPIDES,,186.0,,186.0
22083,LA,RICHLAND,,,,
22085,LA,SABINE,26188113.0,,,26188113.0
22087,LA,SAINT BERNARD,60.0,,,60.0
22089,LA,SAINT CHARLES,,,,
22091,LA,SAINT HELENA,,1242975.0,,1242975.0
22097,LA,SAINT LANDRY,,,,
22099,LA,SAINT MARTIN,,18.0,,18.0
22103,LA,SAINT TAMMANY,838.0,666.0,40.0,1544.0
22105,LA,TANGIPAHOA,6202.0,525.0,,6727.0
22111,LA,UNION,34144914.0,84802.0,,34229716.0
22113,LA,VERMILION,,80.0,,80.0
22115,LA,VERNON,6601000.0,104.0,,6601104.0
22117,LA,WASHINGTON,,1657.0,,1657.0
22119,LA,WEBSTER,,89843.0,,89843.0
22121,LA,WEST BATON ROUGE,,,,
22127,LA,WINN,,226400.0,,226400.0
23001,ME,ANDROSCOGGIN,7054.0,,378.0,7432.0
23003,ME,AROOSTOOK,19664.0,1033.0,307.0,21004.0
23005,ME,CUMBERLAND,3877.0,1094.0,703.0,5674.0
23007,ME,FRANKLIN,15352.0,376.0,,15728.0
23009,ME,HANCOCK,8844.0,324.0,476.0,9644.0
23011,ME,KENNEBEC,20085.0,,660.0,20745.0
23013,ME,KNOX,,328.0,,328.0
23015,ME,LINCOLN,3475.0,,291.0,3766.0
23017,ME,OXFORD,5230.0,,606.0,5836.0
23019,ME,PENOBSCOT,,334.0,43.0,377.0
23021,ME,PISCATAQUIS,240.0,104.0,,344.0
23023,ME,SAGADAHOC,5519.0,535.0,,6054.0
23025,ME,SOMERSET,3628.0,355.0,,3983.0
23027,ME,WALDO,63996.0,367.0,,64363.0
23029,ME,WASHINGTON,,420.0,,420.0
23031,ME,YORK,2918.0,476.0,524.0,3918.0
24001,MD,ALLEGANY,,,33.0,33.0
24003,MD,ANNE ARUNDEL,3500.0,74.0,,3574.0
24005,MD,BALTIMORE,,2790.0,,2790.0
24009,MD,CALVERT,510540.0,662.0,99.0,511301.0
24011,MD,CAROLINE,54254745.0,232.0,,54254977.0
24013,MD,CARROLL,120933.0,,463.0,121396.0
24015,MD,CECIL,6040.0,,,6040.0
24017,MD,CHARLES,,141.0,,141.0
24019,MD,DORCHESTER,41470106.0,,,41470106.0
24021,MD,FREDERICK,14933.0,,,14933.0
24023,MD,GARRETT,772.0,440.0,,1212.0
24025,MD,HARFORD,3000.0,3934.0,,6934.0
24027,MD,HOWARD,1650.0,,,1650.0
24029,MD,KENT,9655020.0,440.0,,9655460.0
24031,MD,MONTGOMERY,366.0,574.0,52.0,992.0
24033,MD,PRINCE GEORGES,6897.0,3596.0,1926.0,12419.0
24035,MD,QUEEN ANNES,27022326.0,6305.0,,27028631.0
24037,MD,ST MARYS,,2034.0,844.0,2878.0
24039,MD,SOMERSET,43310068.0,,,43310068.0
24041,MD,TALBOT,7125165.0,,,7125165.0
24043,MD,WASHINGTON,1681.0,,48.0,1729.0
24045,MD,WICOMICO,49917462.0,2404.0,,49919866.0
24047,MD,WORCESTER,44436121.0,,,44436121.0
25001,MA,BARNSTABLE,,,246.0,246.0
25003,MA,BERKSHIRE,21700.0,3935.0,490.0,26125.0
25005,MA,BRISTOL,101643.0,1866.0,1294.0,104803.0
25007,MA,DUKES,1788.0,,76.0,1864.0
25009,MA,ESSEX,341.0,1706.0,,2047.0
25011,MA,FRANKLIN,8544.0,1629.0,,10173.0
25013,MA,HAMPDEN,,2381.0,572.0,2953.0
25015,MA,HAMPSHIRE,10811.0,,116.0,10927.0
25017,MA,MIDDLESEX,13498.0,3705.0,4696.0,21899.0
25021,MA,NORFOLK,3228.0,867.0,,4095.0
25023,MA,PLYMOUTH,2150.0,364.0,348.0,2862.0
25027,MA,WORCESTER,10806.0,89405.0,,100211.0
26001,MI,ALCONA,,,27.0,27.0
26003,MI,ALGER,435.0,,,435.0
26005,MI,ALLEGAN,2282346.0,3161047.0,985009.0,6428402.0
26007,MI,ALPENA,1142.0,,249.0,1391.0
26009,MI,ANTRIM,1555.0,3300.0,12206.0,17061.0
26013,MI,BARAGA,101.0,,,101.0
26015,MI,BARRY,1912.0,280.0,,2192.0
26017,MI,BAY,400.0,,,400.0
26019,MI,BENZIE,411.0,66.0,45.0,522.0
26021,MI,BERRIEN,,836.0,76.0,912.0
26023,MI,BRANCH,3551150.0,2194.0,33.0,3553377.0
26025,MI,CALHOUN,8366.0,3787.0,55.0,12208.0
26027,MI,CASS,20558.0,,1020.0,21578.0
26029,MI,CHARLEVOIX,912.0,817.0,56.0,1785.0
26031,MI,CHEBOYGAN,1360.0,231.0,15.0,1606.0
26033,MI,CHIPPEWA,1483.0,148.0,38.0,1669.0
26035,MI,CLARE,270.0,278.0,,548.0
26037,MI,CLINTON,,219.0,299.0,518.0
26039,MI,CRAWFORD,,,,
26041,MI,DELTA,146.0,18.0,,164.0
26043,MI,DICKINSON,144.0,,,144.0
26045,MI,EATON,1241.0,1217.0,59.0,2517.0
26047,MI,EMMET,3165.0,1620.0,,4785.0
26049,MI,GENESEE,1561.0,4897.0,340.0,6798.0
26051,MI,GLADWIN,323.0,357.0,146.0,826.0
26053,MI,GOGEBIC,,35.0,,35.0
26055,MI,GRAND TRAVERSE,1012.0,1210.0,12.0,2234.0
26057,MI,GRATIOT,467.0,136.0,150023.0,150626.0
26059,MI,HILLSDALE,3442.0,818.0,70.0,4330.0
26061,MI,HOUGHTON,308.0,164.0,15.0,487.0
26063,MI,HURON,,,39.0,39.0
26065,MI,INGHAM,1947.0,5311.0,463.0,7721.0
26067,MI,IONIA,1502.0,,52.0,1554.0
26069,MI,IOSCO,,168.0,,168.0
26071,MI,IRON,123.0,101.0,,224.0
26073,MI,ISABELLA,392.0,63.0,,455.0
26075,MI,JACKSON,8366.0,2315.0,226.0,10907.0
26077,MI,KALAMAZOO,,139.0,,139.0
26079,MI,KALKASKA,812.0,210.0,,1022.0
26081,MI,KENT,3253.0,378.0,240268.0,243899.0
26085,MI,LAKE,394.0,94.0,,488.0
26087,MI,LAPEER,4990.0,632.0,488.0,6110.0
26089,MI,LEELANAU,878.0,464.0,,1342.0
26091,MI,LENAWEE,837.0,1802.0,186.0,2825.0
26093,MI,LIVINGSTON,6166.0,2438.0,1465.0,10069.0
26095,MI,LUCE,916.0,283.0,,1199.0
26097,MI,MACKINAC,,,,
26099,MI,MACOMB,7510.0,1237.0,2000.0,10747.0
26101,MI,MANISTEE,1002.0,80.0,24.0,1106.0
26103,MI,MARQUETTE,3680.0,1786.0,299.0,5765.0
26105,MI,MASON,1080.0,170.0,132.0,1382.0
26107,MI,MECOSTA,6644.0,867.0,672.0,8183.0
26109,MI,MENOMINEE,264.0,,3.0,267.0
26111,MI,MIDLAND,801.0,593.0,686.0,2080.0
26113,MI,MISSAUKEE,3200.0,46.0,390.0,3636.0
26115,MI,MONROE,1559.0,118.0,128.0,1805.0
26117,MI,MONTCALM,1192.0,4157.0,,5349.0
26121,MI,MUSKEGON,699.0,17545.0,,18244.0
26123,MI,NEWAYGO,1554.0,765.0,253.0,2572.0
26125,MI,OAKLAND,2920.0,865.0,276.0,4061.0
26127,MI,OCEANA,402.0,195.0,,597.0
26129,MI,OGEMAW,,224.0,,224.0
26131,MI,ONTONAGON,,,,
26133,MI,OSCEOLA,23914.0,257.0,42.0,24213.0
26135,MI,OSCODA,1218.0,42.0,,1260.0
26137,MI,OTSEGO,5209.0,800.0,632.0,6641.0
26139,MI,OTTAWA,,,3456041.0,3456041.0
26141,MI,PRESQUE ISLE,382.0,,,382.0
26145,MI,SAGINAW,897.0,623.0,357.0,1877.0
26147,MI,ST CLAIR,3519.0,3171.0,80.0,6770.0
26149,MI,ST JOSEPH,5683580.0,40750.0,,5724330.0
26151,MI,SANILAC,6556.0,3145.0,319.0,10020.0
26153,MI,SCHOOLCRAFT,,,,
26155,MI,SHIAWASSEE,2713.0,115.0,176.0,3004.0
26157,MI,TUSCOLA,3408.0,477.0,56.0,3941.0
26159,MI,VAN BUREN,488.0,2356.0,,2844.0
26161,MI,WASHTENAW,10641.0,9866.0,774.0,21281.0
26163,MI,WAYNE,2345.0,97.0,,2442.0
26165,MI,WEXFORD,1562.0,,36.0,1598.0
27001,MN,AITKIN,1620.0,130.0,150042.0,151792.0
27003,MN,ANOKA,395.0,,71.0,466.0
27005,MN,BECKER,,,1007488.0,1007488.0
27007,MN,BELTRAMI,301.0,211.0,,512.0
27009,MN,BENTON,7126050.0,30059.0,,7156109.0
27011,MN,BIG STONE,,,,
27013,MN,BLUE EARTH,790.0,126.0,,916.0
27015,MN,BROWN,455.0,315.0,373679.0,374449.0
27017,MN,CARLTON,1399.0,1389.0,,2788.0
27019,MN,CARVER,36.0,46.0,,82.0
27021,MN,CASS,613.0,894.0,,1507.0
27023,MN,CHIPPEWA,,12.0,258144.0,258156.0
27025,MN,CHISAGO,344.0,149.0,,493.0
27027,MN,CLAY,200.0,,,200.0
27029,MN,CLEARWATER,1233.0,,,1233.0
27031,MN,COOK,,,,
27033,MN,COTTONWOOD,492832.0,,466100.0,958932.0
27035,MN,CROW WING,348661.0,564.0,36.0,349261.0
27037,MN,DAKOTA,1923.0,2520.0,,4443.0
27039,MN,DODGE,1760.0,,,1760.0
27041,MN,DOUGLAS,2375.0,274.0,,2649.0
27043,MN,FARIBAULT,694.0,,,694.0
27045,MN,FILLMORE,1432.0,22759.0,,24191.0
27047,MN,FREEBORN,930.0,,174000.0,174930.0
27049,MN,GOODHUE,2469.0,173.0,,2642.0
27051,MN,GRANT,160.0,,,160.0
27053,MN,HENNEPIN,672.0,425.0,318.0,1415.0
27055,MN,HOUSTON,142.0,426.0,,568.0
27057,MN,HUBBARD,,52.0,,52.0
27059,MN,ISANTI,2162.0,1284.0,,3446.0
27061,MN,ITASCA,1648.0,207.0,,1855.0
27063,MN,JACKSON,145.0,,,145.0
27065,MN,KANABEC,4322.0,9313.0,60.0,13695.0
27067,MN,KANDIYOHI,278.0,109.0,5754490.0,5754877.0
27069,MN,KITTSON,,,,
27071,MN,KOOCHICHING,1070.0,,,1070.0
27073,MN,LAC QUI PARLE,,,,
27075,MN,LAKE,160.0,,,160.0
27077,MN,LAKE OF THE WOODS,,,,
27079,MN,LE SUEUR,5347.0,357.0,270584.0,276288.0
27083,MN,LYON,780.0,,1950000.0,1950780.0
27085,MN,MCLEOD,2537.0,279.0,,2816.0
27089,MN,MARSHALL,,,,
27091,MN,MARTIN,552.0,,,552.0
27093,MN,MEEKER,2565.0,1572157.0,,1574722.0
27095,MN,MILLE LACS,,208.0,61.0,269.0
27097,MN,MORRISON,20650190.0,951221.0,2637081.0,24238492.0
27099,MN,MOWER,208.0,448.0,,656.0
27101,MN,MURRAY,530.0,,,530.0
27103,MN,NICOLLET,386.0,2357913.0,,2358299.0
27105,MN,NOBLES,1090.0,69.0,,1159.0
27107,MN,NORMAN,,30.0,,30.0
27109,MN,OLMSTED,456.0,121.0,,577.0
27111,MN,OTTER TAIL,300.0,519.0,2974018.0,2974837.0
27115,MN,PINE,1238.0,160.0,6.0,1404.0
27117,MN,PIPESTONE,434.0,109.0,,543.0
27119,MN,POLK,366.0,1739.0,34.0,2139.0
27121,MN,POPE,,,,
27127,MN,REDWOOD,,48.0,1076278.0,1076326.0
27129,MN,RENVILLE,690.0,,,690.0
27131,MN,RICE,22101.0,2013.0,1058586.0,1082700.0
27133,MN,ROCK,109.0,,,109.0
27135,MN,ROSEAU,572.0,71.0,690020.0,690663.0
27137,MN,ST. LOUIS,3397.0,1453.0,95.0,4945.0
27139,MN,SCOTT,1935.0,864.0,125.0,2924.0
27141,MN,SHERBURNE,,227.0,67.0,294.0
27143,MN,SIBLEY,350.0,116.0,,466.0
27145,MN,STEARNS,11989349.0,794462.0,5442631.0,18226442.0
27147,MN,STEELE,1520.0,,,1520.0
27149,MN,STEVENS,446.0,,,446.0
27151,MN,SWIFT,275.0,,2176635.0,2176910.0
27153,MN,TODD,2868.0,904848.0,2578868.0,3486584.0
27155,MN,TRAVERSE,,,,
27157,MN,WABASHA,246.0,344.0,,590.0
27159,MN,WADENA,367.0,208.0,,575.0
27161,MN,WASECA,,,432025.0,432025.0
27163,MN,WASHINGTON,125.0,513.0,,638.0
27165,MN,WATONWAN,4224.0,,,4224.0
27167,MN,WILKIN,,24.0,,24.0
27169,MN,WINONA,11919.0,1093.0,,13012.0
27171,MN,WRIGHT,2365.0,197.0,200.0,2762.0
27173,MN,YELLOW MEDICINE,1900.0,100.0,,2000.0
28001,MS,ADAMS,,,,
28003,MS,ALCORN,,95279.0,,95279.0
28005,MS,AMITE,9696643.0,220.0,,9696863.0
28007,MS,ATTALA,,27.0,,27.0
28009,MS,BENTON,,,,
28013,MS,CALHOUN,,,,
28015,MS,CARROLL,,,12.0,12.0
28017,MS,CHICKASAW,4500000.0,108192.0,,4608192.0
28019,MS,CHOCTAW,,,,
28023,MS,CLARKE,11975094.0,2320.0,,11977414.0
28025,MS,CLAY,,,,
28027,MS,COAHOMA,,,,
28029,MS,COPIAH,10636400.0,60.0,,10636460.0
28031,MS,COVINGTON,33445877.0,94500.0,,33540377.0
28033,MS,DE SOTO,,,,
28035,MS,FORREST,1464075.0,302.0,,1464377.0
28039,MS,GEORGE,,1980.0,40.0,2020.0
28041,MS,GREENE,15957000.0,165710.0,,16122710.0
28045,MS,HANCOCK,,399.0,,399.0
28047,MS,HARRISON,24.0,699.0,20.0,743.0
28049,MS,HINDS,54.0,,8.0,62.0
28055,MS,ISSAQUENA,,,,
28059,MS,JACKSON,1920.0,489.0,,2409.0
28061,MS,JASPER,38152278.0,100005.0,,38252283.0
28063,MS,JEFFERSON,5416000.0,,,5416000.0
28065,MS,JEFFERSON DAVIS,13193036.0,,,13193036.0
28067,MS,JONES,51474709.0,46998.0,,51521707.0
28069,MS,KEMPER,3355000.0,,,3355000.0
28071,MS,LAFAYETTE,32.0,447.0,,479.0
28073,MS,LAMAR,4924030.0,65155.0,,4989185.0
28075,MS,LAUDERDALE,,135.0,,135.0
28077,MS,LAWRENCE,29646281.0,33.0,,29646314.0
28079,MS,LEAKE,65310554.0,,,65310554.0
28081,MS,LEE,,171.0,174.0,345.0
28085,MS,LINCOLN,19098205.0,47696.0,,19145901.0
28087,MS,LOWNDES,3675009.0,224.0,,3675233.0
28089,MS,MADISON,,150.0,,150.0
28091,MS,MARION,18904960.0,315309.0,,19220269.0
28093,MS,MARSHALL,250.0,1210.0,,1460.0
28095,MS,MONROE,,1056.0,3.0,1059.0
28097,MS,MONTGOMERY,20.0,160.0,,180.0
28099,MS,NESHOBA,42997124.0,133040.0,,43130164.0
28101,MS,NEWTON,28099668.0,135220.0,,28234888.0
28103,MS,NOXUBEE,8469280.0,270867.0,,8740147.0
28105,MS,OKTIBBEHA,,1593.0,,1593.0
28107,MS,PANOLA,40.0,20.0,,60.0
28109,MS,PEARL RIVER,3400.0,348.0,6.0,3754.0
28111,MS,PERRY,1776016.0,,,1776016.0
28113,MS,PIKE,6183845.0,,,6183845.0
28115,MS,PONTOTOC,,2715.0,,2715.0
28117,MS,PRENTISS,,1503.0,,1503.0
28121,MS,RANKIN,27433187.0,120660.0,6.0,27553853.0
28123,MS,SCOTT,43562300.0,158300.0,,43720600.0
28127,MS,SIMPSON,37022760.0,325274.0,,37348034.0
28129,MS,SMITH,47978115.0,80587.0,,48058702.0
28131,MS,STONE,,204.0,5.0,209.0
28137,MS,TATE,,,,
28139,MS,TIPPAH,,,,
28141,MS,TISHOMINGO,,,,
28145,MS,UNION,,6.0,,6.0
28147,MS,WALTHALL,17732861.0,84525.0,,17817386.0
28149,MS,WARREN,,33.0,,33.0
28151,MS,WASHINGTON,,27.0,,27.0
28153,MS,WAYNE,49889619.0,285935.0,8.0,50175562.0
28155,MS,WEBSTER,45.0,36.0,,81.0
28159,MS,WINSTON,12024510.0,277850.0,,12302360.0
28163,MS,YAZOO,,,,
29001,MO,ADAIR,270.0,,,270.0
29003,MO,ANDREW,,24.0,,24.0
29007,MO,AUDRAIN,1953.0,,,1953.0
29009,MO,BARRY,67540461.0,318656.0,2442062.0,70301179.0
29011,MO,BARTON,,324.0,327000.0,327324.0
29013,MO,BATES,117.0,900.0,,1017.0
29015,MO,BENTON,19686160.0,163941.0,174099.0,20024200.0
29017,MO,BOLLINGER,,167.0,,167.0
29019,MO,BOONE,,683.0,,683.0
29021,MO,BUCHANAN,,,,
29025,MO,CALDWELL,786.0,256.0,,1042.0
29027,MO,CALLAWAY,547.0,449.0,,996.0
29029,MO,CAMDEN,,97.0,,97.0
29031,MO,CAPE GIRARDEAU,368.0,508.0,20.0,896.0
29033,MO,CARROLL,,,,
29035,MO,CARTER,,,,
29037,MO,CASS,539.0,582.0,97.0,1218.0
29039,MO,CEDAR,189.0,57619.0,,57808.0
29043,MO,CHRISTIAN,218.0,670.0,,888.0
29045,MO,CLARK,,142.0,,142.0
29047,MO,CLAY,,301.0,,301.0
29049,MO,CLINTON,,,,
29051,MO,COLE,510.0,385.0,192000.0,192895.0
29053,MO,COOPER,,,,
29055,MO,CRAWFORD,887.0,404.0,,1291.0
29057,MO,DADE,6840048.0,,388308.0,7228356.0
29059,MO,DALLAS,145310.0,273145.0,,418455.0
29061,MO,DAVIESS,,53247.0,,53247.0
29063,MO,DE KALB,734132.0,,,734132.0
29065,MO,DENT,,48.0,,48.0
29067,MO,DOUGLAS,,,,
29071,MO,FRANKLIN,3691.0,881.0,42.0,4614.0
29073,MO,GASCONADE,,523.0,,523.0
29075,MO,GENTRY,7210.0,1003.0,381.0,8594.0
29077,MO,GREENE,675.0,452.0,39.0,1166.0
29079,MO,GRUNDY,,125.0,,125.0
29081,MO,HARRISON,,,,
29083,MO,HENRY,90.0,380.0,,470.0
29085,MO,HICKORY,1100.0,260.0,27.0,1387.0
29089,MO,HOWARD,,,,
29091,MO,HOWELL,300.0,,,300.0
29093,MO,IRON,,,6.0,6.0
29095,MO,JACKSON,1275.0,592.0,23.0,1890.0
29097,MO,JASPER,1610.0,351.0,909007.0,910968.0
29099,MO,JEFFERSON,488.0,544.0,,1032.0
29101,MO,JOHNSON,6309676.0,,212.0,6309888.0
29103,MO,KNOX,,48011.0,,48011.0
29105,MO,LACLEDE,216.0,,125.0,341.0
29107,MO,LAFAYETTE,108.0,158.0,16.0,282.0
29109,MO,LAWRENCE,13985150.0,158240.0,2592214.0,16735604.0
29111,MO,LEWIS,,,,
29113,MO,LINCOLN,479.0,,46.0,525.0
29117,MO,LIVINGSTON,,83.0,,83.0
29119,MO,MCDONALD,37925288.0,207583.0,875799.0,39008670.0
29121,MO,MACON,1418.0,1179.0,,2597.0
29123,MO,MADISON,,108.0,,108.0
29125,MO,MARIES,,573.0,32.0,605.0
29127,MO,MARION,9.0,103.0,,112.0
29129,MO,MERCER,,,,
29131,MO,MILLER,,809.0,1522790.0,1523599.0
29135,MO,MONITEAU,12488366.0,,1495925.0,13984291.0
29137,MO,MONROE,1094.0,1549.0,,2643.0
29139,MO,MONTGOMERY,,95.0,,95.0
29141,MO,MORGAN,39245802.0,530296.0,3039580.0,42815678.0
29143,MO,NEW MADRID,,,,
29145,MO,NEWTON,52236990.0,,2216522.0,54453512.0
29147,MO,NODAWAY,,1350.0,,1350.0
29149,MO,OREGON,,174.0,,174.0
29151,MO,OSAGE,,,1446250.0,1446250.0
29153,MO,OZARK,150.0,205.0,300.0,655.0
29159,MO,PETTIS,25245144.0,334766.0,222095.0,25802005.0
29161,MO,PHELPS,,468.0,12.0,480.0
29163,MO,PIKE,,60.0,,60.0
29165,MO,PLATTE,,35.0,,35.0
29167,MO,POLK,498.0,185232.0,270040.0,455770.0
29169,MO,PULASKI,102.0,208.0,,310.0
29171,MO,PUTNAM,325.0,,,325.0
29173,MO,RALLS,,100.0,,100.0
29175,MO,RANDOLPH,,210.0,,210.0
29177,MO,RAY,55.0,478.0,,533.0
29179,MO,REYNOLDS,60.0,125.0,,185.0
29181,MO,RIPLEY,5829250.0,,,5829250.0
29183,MO,ST CHARLES,74.0,100.0,70.0,244.0
29185,MO,ST CLAIR,50150.0,15528.0,7.0,65685.0
29186,MO,STE GENEVIEVE,,90.0,,90.0
29187,MO,ST FRANCOIS,,70.0,,70.0
29189,MO,ST LOUIS,,141.0,,141.0
29195,MO,SALINE,,,,
29197,MO,SCHUYLER,,112.0,,112.0
29199,MO,SCOTLAND,901724.0,,4150.0,905874.0
29201,MO,SCOTT,10470120.0,,,10470120.0
29203,MO,SHANNON,,298.0,,298.0
29205,MO,SHELBY,192.0,,,192.0
29207,MO,STODDARD,7950000.0,,,7950000.0
29209,MO,STONE,6059545.0,470.0,193466.0,6253481.0
29211,MO,SULLIVAN,,46.0,,46.0
29213,MO,TANEY,,,,
29215,MO,TEXAS,126.0,241.0,27.0,394.0
29217,MO,VERNON,1307.0,100963.0,280152.0,382422.0
29219,MO,WARREN,45.0,,,45.0
29221,MO,WASHINGTON,,217.0,,217.0
29223,MO,WAYNE,80.0,151.0,,231.0
29225,MO,WEBSTER,18750.0,5626.0,125207.0,149583.0
29229,MO,WRIGHT,9055.0,26001.0,22.0,35078.0
30001,MT,BEAVERHEAD,,,,
30005,MT,BLAINE,,,,
30007,MT,BROADWATER,,82.0,,82.0
30009,MT,CARBON,440.0,39.0,48.0,527.0
30011,MT,CARTER,,,,
30013,MT,CASCADE,49.0,,,49.0
30015,MT,CHOUTEAU,,,,
30021,MT,DAWSON,,,,
30027,MT,FERGUS,1560.0,,,1560.0
30029,MT,FLATHEAD,,726.0,32.0,758.0
30031,MT,GALLATIN,,266.0,15.0,281.0
30035,MT,GLACIER,,198100.0,,198100.0
30037,MT,GOLDEN VALLEY,,,,
30039,MT,GRANITE,,,,
30041,MT,HILL,,,,
30043,MT,JEFFERSON,,,,
30045,MT,JUDITH BASIN,,,,
30047,MT,LAKE,570.0,591.0,,1161.0
30049,MT,LEWIS AND CLARK,,,,
30051,MT,LIBERTY,43800.0,,,43800.0
30053,MT,LINCOLN,920.0,1206.0,,2126.0
30055,MT,MCCONE,,,,
30057,MT,MADISON,,27.0,,27.0
30059,MT,MEAGHER,,,,
30061,MT,MINERAL,,,,
30063,MT,MISSOULA,,104.0,,104.0
30067,MT,PARK,,1135.0,,1135.0
30071,MT,PHILLIPS,,,,
30073,MT,PONDERA,,,3150.0,3150.0
30075,MT,POWDER RIVER,,,,
30077,MT,POWELL,,,,
30081,MT,RAVALLI,468.0,4144.0,210.0,4822.0
30083,MT,RICHLAND,,,,
30085,MT,ROOSEVELT,,,,
30089,MT,SANDERS,,293.0,,293.0
30093,MT,SILVER BOW,,,21.0,21.0
30099,MT,TETON,,,,
30101,MT,TOOLE,,79400.0,,79400.0
30107,MT,WHEATLAND,16700.0,,,16700.0
30109,MT,WIBAUX,,,,
30111,MT,YELLOWSTONE,,,,
31001,NE,ADAMS,,,,
31003,NE,ANTELOPE,,1015.0,,1015.0
31005,NE,ARTHUR,,,,
31009,NE,BLAINE,18.0,,,18.0
31013,NE,BOX BUTTE,,,,
31015,NE,BOYD,450.0,,,450.0
31017,NE,BROWN,54.0,,,54.0
31019,NE,BUFFALO,,242.0,,242.0
31021,NE,BURT,,800.0,,800.0
31023,NE,BUTLER,31469510.0,929738.0,,32399248.0
31025,NE,CASS,,,9.0,9.0
31027,NE,CEDAR,212.0,,,212.0
31033,NE,CHEYENNE,,114.0,18.0,132.0
31035,NE,CLAY,,80.0,,80.0
31037,NE,COLFAX,,,,
31039,NE,CUMING,,100036.0,6.0,100042.0
31041,NE,CUSTER,,,,
31043,NE,DAKOTA,,,,
31045,NE,DAWES,270.0,80.0,,350.0
31047,NE,DAWSON,,,31.0,31.0
31051,NE,DIXON,,,,
31053,NE,DODGE,,945.0,,945.0
31055,NE,DOUGLAS,,382.0,18.0,400.0
31057,NE,DUNDY,,,,
31065,NE,FURNAS,,,,
31067,NE,GAGE,700015.0,,,700015.0
31071,NE,GARFIELD,,68.0,,68.0
31073,NE,GOSPER,,,,
31075,NE,GRANT,,,,
31077,NE,GREELEY,,,,
31079,NE,HALL,,,,
31081,NE,HAMILTON,,372.0,24.0,396.0
31085,NE,HAYES,,,,
31089,NE,HOLT,,195.0,,195.0
31091,NE,HOOKER,,,,
31093,NE,HOWARD,,88.0,,88.0
31095,NE,JEFFERSON,,,,
31097,NE,JOHNSON,,,,
31099,NE,KEARNEY,,,,
31101,NE,KEITH,,,,
31105,NE,KIMBALL,,,,
31107,NE,KNOX,,,,
31109,NE,LANCASTER,1780730.0,1060.0,,1781790.0
31111,NE,LINCOLN,,315.0,,315.0
31113,NE,LOGAN,,9.0,18.0,27.0
31119,NE,MADISON,,320.0,,320.0
31123,NE,MORRILL,,,,
31127,NE,NEMAHA,,,,
31131,NE,OTOE,163.0,139.0,44.0,346.0
31133,NE,PAWNEE,,48.0,,48.0
31135,NE,PERKINS,410.0,,,410.0
31139,NE,PIERCE,240.0,161.0,,401.0
31141,NE,PLATTE,21281250.0,,45.0,21281295.0
31143,NE,POLK,,36.0,,36.0
31145,NE,RED WILLOW,,36.0,,36.0
31149,NE,ROCK,,,,
31151,NE,SALINE,426.0,34.0,,460.0
31153,NE,SARPY,,215.0,,215.0
31155,NE,SAUNDERS,5524450.0,297.0,,5524747.0
31157,NE,SCOTTS BLUFF,190.0,187.0,,377.0
31159,NE,SEWARD,5995620.0,306.0,,5995926.0
31167,NE,STANTON,,,,
31177,NE,WASHINGTON,,,,
31179,NE,WAYNE,,,,
31181,NE,WEBSTER,,,,
31183,NE,WHEELER,,,,
31185,NE,YORK,,,,
32001,NV,CHURCHILL,,22.0,,22.0
32003,NV,CLARK,,,,
32005,NV,DOUGLAS,,25.0,,25.0
32007,NV,ELKO,,,,
32009,NV,ESMERALDA,,,,
32013,NV,HUMBOLDT,44.0,,6.0,50.0
32015,NV,LANDER,,,,
32017,NV,LINCOLN,,,,
32019,NV,LYON,,190.0,38.0,228.0
32023,NV,NYE,,1340.0,36.0,1376.0
32027,NV,PERSHING,,75.0,,75.0
32029,NV,STOREY,,,,
32031,NV,WASHOE,,46.0,10.0,56.0
32033,NV,WHITE PINE,,,,
33001,NH,BELKNAP,3840.0,,1067.0,4907.0
33003,NH,CARROLL,610.0,431.0,,1041.0
33005,NH,CHESHIRE,5771.0,,290.0,6061.0
33007,NH,COOS,1405.0,,230.0,1635.0
33009,NH,GRAFTON,,,468.0,468.0
33011,NH,HILLSBOROUGH,13305.0,2168.0,8806.0,24279.0
33013,NH,MERRIMACK,4832.0,3333.0,1116.0,9281.0
33015,NH,ROCKINGHAM,,1547.0,564.0,2111.0
33017,NH,STRAFFORD,864.0,258.0,,1122.0
33019,NH,SULLIVAN,,,,
34001,NJ,ATLANTIC,,640.0,,640.0
34003,NJ,BERGEN,,,,
34005,NJ,BURLINGTON,580.0,21113.0,7.0,21700.0
34007,NJ,CAMDEN,77.0,108.0,,185.0
34009,NJ,CAPE MAY,,266.0,,266.0
34011,NJ,CUMBERLAND,,248.0,932.0,1180.0
34015,NJ,GLOUCESTER,228.0,335.0,6.0,569.0
34019,NJ,HUNTERDON,1623.0,1232.0,285.0,3140.0
34021,NJ,MERCER,,290.0,,290.0
34023,NJ,MIDDLESEX,2575.0,,612.0,3187.0
34025,NJ,MONMOUTH,399.0,,,399.0
34027,NJ,MORRIS,123.0,747.0,,870.0
34029,NJ,OCEAN,237.0,444.0,100.0,781.0
34031,NJ,PASSAIC,,439.0,,439.0
34033,NJ,SALEM,1121.0,13174.0,,14295.0
34035,NJ,SOMERSET,,1752.0,690.0,2442.0
34037,NJ,SUSSEX,11382.0,3200.0,271.0,14853.0
34039,NJ,UNION,,,,
34041,NJ,WARREN,4222.0,,188.0,4410.0
35001,NM,BERNALILLO,547.0,,128.0,675.0
35005,NM,CHAVES,,98.0,,98.0
35006,NM,CIBOLA,,222.0,,222.0
35009,NM,CURRY,,15.0,,15.0
35011,NM,DE BACA,,,,
35013,NM,DONA ANA,,3065.0,179.0,3244.0
35015,NM,EDDY,350.0,130.0,37.0,517.0
35017,NM,GRANT,,59.0,,59.0
35023,NM,HIDALGO,,,,
35025,NM,LEA,74.0,75.0,,149.0
35027,NM,LINCOLN,,45.0,,45.0
35029,NM,LUNA,,105.0,,105.0
35031,NM,MCKINLEY,,47.0,,47.0
35033,NM,MORA,,,,
35035,NM,OTERO,54.0,82.0,,136.0
35037,NM,QUAY,,,,
35039,NM,RIO ARRIBA,466.0,201.0,,667.0
35041,NM,ROOSEVELT,,,,
35043,NM,SANDOVAL,3.0,77.0,47.0,127.0
35045,NM,SAN JUAN,115.0,548.0,238.0,901.0
35047,NM,SAN MIGUEL,,22.0,,22.0
35049,NM,SANTA FE,156.0,78.0,96.0,330.0
35051,NM,SIERRA,,,,
35053,NM,SOCORRO,,306.0,90.0,396.0
35057,NM,TORRANCE,,54.0,,54.0
35061,NM,VALENCIA,,321.0,,321.0
36001,NY,ALBANY,2317.0,5926.0,135.0,8378.0
36003,NY,ALLEGANY,1566.0,514.0,24.0,2104.0
36007,NY,BROOME,,463.0,,463.0
36009,NY,CATTARAUGUS,1464.0,3415.0,2491.0,7370.0
36011,NY,CAYUGA,4126.0,27140.0,63.0,31329.0
36013,NY,CHAUTAUQUA,4212.0,1488.0,267.0,5967.0
36015,NY,CHEMUNG,213.0,125.0,35.0,373.0
36017,NY,CHENANGO,6747.0,950.0,358.0,8055.0
36019,NY,CLINTON,1814.0,,79.0,1893.0
36021,NY,COLUMBIA,16068.0,1957.0,,18025.0
36023,NY,CORTLAND,,,,
36025,NY,DELAWARE,19575.0,670.0,630.0,20875.0
36027,NY,DUTCHESS,12970.0,1314.0,2126.0,16410.0
36029,NY,ERIE,39175.0,,3613.0,42788.0
36031,NY,ESSEX,1414.0,427.0,3.0,1844.0
36033,NY,FRANKLIN,2359.0,78098.0,136.0,80593.0
36035,NY,FULTON,,,,
36037,NY,GENESEE,944.0,,211.0,1155.0
36039,NY,GREENE,,,103.0,103.0
36043,NY,HERKIMER,2810.0,20530.0,,23340.0
36045,NY,JEFFERSON,576.0,156.0,33.0,765.0
36049,NY,LEWIS,1301.0,742.0,70.0,2113.0
36051,NY,LIVINGSTON,271.0,96.0,95.0,462.0
36053,NY,MADISON,3877.0,242.0,322.0,4441.0
36055,NY,MONROE,,206.0,,206.0
36057,NY,MONTGOMERY,41515.0,12464.0,1731.0,55710.0
36059,NY,NASSAU,,,,
36061,NY,NEW YORK,,3000.0,,3000.0
36063,NY,NIAGARA,1478.0,602.0,1854.0,3934.0
36065,NY,ONEIDA,14074.0,956.0,,15030.0
36067,NY,ONONDAGA,391.0,,,391.0
36069,NY,ONTARIO,719.0,,131.0,850.0
36071,NY,ORANGE,1756.0,62182.0,,63938.0
36073,NY,ORLEANS,,571.0,24.0,595.0
36075,NY,OSWEGO,649.0,487.0,,1136.0
36077,NY,OTSEGO,14651.0,,61.0,14712.0
36079,NY,PUTNAM,100.0,,195.0,295.0
36083,NY,RENSSELAER,12587.0,6525.0,1007.0,20119.0
36089,NY,ST LAWRENCE,2264.0,402.0,154.0,2820.0
36091,NY,SARATOGA,970.0,610.0,320.0,1900.0
36093,NY,SCHENECTADY,761.0,188.0,,949.0
36095,NY,SCHOHARIE,13698.0,503.0,560.0,14761.0
36097,NY,SCHUYLER,3118.0,162.0,,3280.0
36099,NY,SENECA,71985.0,,391.0,72376.0
36101,NY,STEUBEN,3353.0,,327.0,3680.0
36103,NY,SUFFOLK,17165.0,414.0,4590.0,22169.0
36105,NY,SULLIVAN,,95622.0,2727.0,98349.0
36107,NY,TIOGA,2299.0,294.0,149.0,2742.0
36109,NY,TOMPKINS,878.0,310.0,58.0,1246.0
36111,NY,ULSTER,2399.0,2175.0,,4574.0
36113,NY,WARREN,135.0,,21.0,156.0
36115,NY,WASHINGTON,,1923.0,,1923.0
36117,NY,WAYNE,5350.0,,91.0,5441.0
36119,NY,WESTCHESTER,,,,
36121,NY,WYOMING,2229.0,272.0,258.0,2759.0
36123,NY,YATES,2243.0,2954044.0,411.0,2956698.0
37001,NC,ALAMANCE,1325496.0,214881.0,,1540377.0
37003,NC,ALEXANDER,32574024.0,741232.0,,33315256.0
37005,NC,ALLEGHANY,,,,
37007,NC,ANSON,50443510.0,333500.0,1707600.0,52484610.0
37009,NC,ASHE,,642.0,,642.0
37013,NC,BEAUFORT,,195.0,,195.0
37015,NC,BERTIE,38573708.0,,,38573708.0
37017,NC,BLADEN,24927016.0,,1785415.0,26712431.0
37019,NC,BRUNSWICK,126.0,,,126.0
37021,NC,BUNCOMBE,,370.0,,370.0
37023,NC,BURKE,8415522.0,48020.0,,8463542.0
37025,NC,CABARRUS,1957126.0,,38.0,1957164.0
37027,NC,CALDWELL,4573000.0,42301.0,,4615301.0
37029,NC,CAMDEN,,,,
37031,NC,CARTERET,,,,
37033,NC,CASWELL,,200963.0,,200963.0
37035,NC,CATAWBA,7438510.0,79658.0,,7518168.0
37037,NC,CHATHAM,26831803.0,237651.0,344.0,27069798.0
37039,NC,CHEROKEE,,,,
37041,NC,CHOWAN,1841105.0,,,1841105.0
37043,NC,CLAY,,,,
37045,NC,CLEVELAND,22529904.0,55133.0,,22585037.0
37047,NC,COLUMBUS,5018250.0,,,5018250.0
37049,NC,CRAVEN,1837.0,745.0,,2582.0
37051,NC,CUMBERLAND,4259973.0,482.0,1427688.0,5688143.0
37053,NC,CURRITUCK,154.0,29.0,5.0,188.0
37057,NC,DAVIDSON,4979512.0,228142.0,,5207654.0
37059,NC,DAVIE,660.0,,,660.0
37061,NC,DUPLIN,105578798.0,726123.0,4813903.0,111118824.0
37063,NC,DURHAM,,806.0,,806.0
37065,NC,EDGECOMBE,18214600.0,,,18214600.0
37067,NC,FORSYTH,6546.0,618.0,158.0,7322.0
37069,NC,FRANKLIN,581145.0,82064.0,40.0,663249.0
37071,NC,GASTON,1703398.0,533.0,,1703931.0
37073,NC,GATES,12496513.0,,,12496513.0
37075,NC,GRAHAM,,,,
37077,NC,GRANVILLE,254.0,15615.0,,15869.0
37079,NC,GREENE,7237200.0,,1553376.0,8790576.0
37081,NC,GUILFORD,46048.0,,16.0,46064.0
37083,NC,HALIFAX,1850000.0,135300.0,,1985300.0
37085,NC,HARNETT,14168408.0,,207506.0,14375914.0
37087,NC,HAYWOOD,,160.0,,160.0
37089,NC,HENDERSON,,728.0,,728.0
37091,NC,HERTFORD,5590936.0,,,5590936.0
37093,NC,HOKE,15589415.0,287.0,12.0,15589714.0
37095,NC,HYDE,,,,
37097,NC,IREDELL,3866113.0,290356.0,,4156469.0
37099,NC,JACKSON,,25.0,,25.0
37101,NC,JOHNSTON,6919157.0,2640.0,330074.0,7251871.0
37103,NC,JONES,12951030.0,,531200.0,13482230.0
37105,NC,LEE,5988006.0,,,5988006.0
37107,NC,LENOIR,6948800.0,85010.0,3456000.0,10489810.0
37109,NC,LINCOLN,9422820.0,,,9422820.0
37111,NC,MCDOWELL,768000.0,,,768000.0
37113,NC,MACON,,516.0,36.0,552.0
37115,NC,MADISON,,,27.0,27.0
37117,NC,MARTIN,976000.0,,,976000.0
37119,NC,MECKLENBURG,1070.0,,,1070.0
37121,NC,MITCHELL,,,,
37123,NC,MONTGOMERY,26301336.0,,,26301336.0
37125,NC,MOORE,27313590.0,1644.0,,27315234.0
37127,NC,NASH,3545641.0,,,3545641.0
37129,NC,NEW HANOVER,,,,
37131,NC,NORTHAMPTON,7319000.0,992.0,4.0,7319996.0
37133,NC,ONSLOW,1570862.0,62.0,2725752.0,4296676.0
37135,NC,ORANGE,6246.0,99306.0,298.0,105850.0
37137,NC,PAMLICO,,22.0,,22.0
37139,NC,PASQUOTANK,,,,
37141,NC,PENDER,9134708.0,311293.0,130130.0,9576131.0
37143,NC,PERQUIMANS,5987800.0,,,5987800.0
37145,NC,PERSON,2620.0,,44.0,2664.0
37147,NC,PITT,15552654.0,206.0,,15552860.0
37149,NC,POLK,,22.0,,22.0
37151,NC,RANDOLPH,40541273.0,709422.0,,41250695.0
37153,NC,RICHMOND,44993577.0,70102.0,56.0,45063735.0
37155,NC,ROBESON,52910342.0,,,52910342.0
37157,NC,ROCKINGHAM,188.0,,56.0,244.0
37159,NC,ROWAN,3017878.0,,637.0,3018515.0
37161,NC,RUTHERFORD,11991904.0,92206.0,,12084110.0
37163,NC,SAMPSON,85064871.0,401401.0,9905387.0,95371659.0
37165,NC,SCOTLAND,22428195.0,,,22428195.0
37167,NC,STANLY,4031728.0,461.0,377000.0,4409189.0
37169,NC,STOKES,,83054.0,,83054.0
37171,NC,SURRY,31938419.0,674143.0,15.0,32612577.0
37175,NC,TRANSYLVANIA,389.0,90.0,,479.0
37177,NC,TYRRELL,,,,
37179,NC,UNION,38568287.0,,3378424.0,41946711.0
37181,NC,VANCE,806.0,61.0,,867.0
37183,NC,WAKE,3107.0,1164.0,6268.0,10539.0
37185,NC,WARREN,,,,
37187,NC,WASHINGTON,,,,
37189,NC,WATAUGA,,68.0,,68.0
37191,NC,WAYNE,8392150.0,,6914582.0,15306732.0
37193,NC,WILKES,54632667.0,412878.0,,55045545.0
37195,NC,WILSON,,,,
37197,NC,YADKIN,5024060.0,1700110.0,,6724170.0
37199,NC,YANCEY,267.0,290.0,14.0,571.0
38003,ND,BARNES,52.0,,,52.0
38007,ND,BILLINGS,3.0,,,3.0
38009,ND,BOTTINEAU,,,,
38013,ND,BURKE,,,,
38015,ND,BURLEIGH,1445.0,81.0,,1526.0
38017,ND,CASS,,,,
38019,ND,CAVALIER,750.0,,,750.0
38021,ND,DICKEY,,,,
38023,ND,DIVIDE,,,,
38025,ND,DUNN,,,,
38029,ND,EMMONS,,,,
38033,ND,GOLDEN VALLEY,,,,
38035,ND,GRAND FORKS,,,,
38037,ND,GRANT,,,,
38039,ND,GRIGGS,,,,
38041,ND,HETTINGER,,,,
38043,ND,KIDDER,,,,
38045,ND,LA MOURE,,,,
38047,ND,LOGAN,60.0,,54.0,114.0
38049,ND,MCHENRY,,30.0,,30.0
38053,ND,MCKENZIE,,136.0,,136.0
38055,ND,MCLEAN,,,,
38057,ND,MERCER,,30.0,,30.0
38059,ND,MORTON,120.0,,,120.0
38061,ND,MOUNTRAIL,,,,
38063,ND,NELSON,,,,
38065,ND,OLIVER,,,,
38069,ND,PIERCE,,,,
38073,ND,RANSOM,,,,
38075,ND,RENVILLE,,,,
38077,ND,RICHLAND,,,,
38079,ND,ROLETTE,,,,
38083,ND,SHERIDAN,,84.0,,84.0
38085,ND,SIOUX,,,,
38089,ND,STARK,325.0,120.0,,445.0
38093,ND,STUTSMAN,,33.0,,33.0
38097,ND,TRAILL,468.0,,30.0,498.0
38099,ND,WALSH,840.0,,,840.0
38101,ND,WARD,568.0,129.0,,697.0
38103,ND,WELLS,136.0,,,136.0
38105,ND,WILLIAMS,,253.0,,253.0
39001,OH,ADAMS,51.0,20672.0,3.0,20726.0
39003,OH,ALLEN,1310.0,1376.0,,2686.0
39005,OH,ASHLAND,6989404.0,267515.0,252.0,7257171.0
39007,OH,ASHTABULA,3807.0,1535.0,172.0,5514.0
39009,OH,ATHENS,302.0,69.0,,371.0
39011,OH,AUGLAIZE,108.0,249.0,229500.0,229857.0
39013,OH,BELMONT,,846.0,43.0,889.0
39015,OH,BROWN,420.0,681.0,79.0,1180.0
39017,OH,BUTLER,403.0,598.0,,1001.0
39019,OH,CARROLL,,127.0,37.0,164.0
39021,OH,CHAMPAIGN,1545.0,547.0,34.0,2126.0
39023,OH,CLARK,6123.0,888.0,,7011.0
39025,OH,CLERMONT,884.0,1653.0,25.0,2562.0
39027,OH,CLINTON,95.0,420.0,18.0,533.0
39029,OH,COLUMBIANA,11090519.0,,252.0,11090771.0
39031,OH,COSHOCTON,7586550.0,30322.0,150.0,7617022.0
39033,OH,CRAWFORD,1084.0,126.0,94.0,1304.0
39035,OH,CUYAHOGA,,106.0,,106.0
39037,OH,DARKE,411246.0,4769827.0,3190982.0,8372055.0
39039,OH,DEFIANCE,915.0,,,915.0
39041,OH,DELAWARE,228.0,982.0,56.0,1266.0
39043,OH,ERIE,326.0,,,326.0
39045,OH,FAIRFIELD,4204.0,2435.0,118.0,6757.0
39047,OH,FAYETTE,,,,
39049,OH,FRANKLIN,,967.0,,967.0
39051,OH,FULTON,922.0,62.0,,984.0
39053,OH,GALLIA,111.0,37260.0,98.0,37469.0
39055,OH,GEAUGA,6872.0,1600.0,2170.0,10642.0
39057,OH,GREENE,2325.0,1646.0,132.0,4103.0
39059,OH,GUERNSEY,278.0,1481.0,51.0,1810.0
39061,OH,HAMILTON,,2849.0,1468.0,4317.0
39063,OH,HANCOCK,237.0,,,237.0
39065,OH,HARDIN,328.0,,,328.0
39067,OH,HARRISON,2785160.0,843.0,96.0,2786099.0
39069,OH,HENRY,1772.0,56.0,86.0,1914.0
39071,OH,HIGHLAND,6314.0,980.0,210.0,7504.0
39073,OH,HOCKING,230.0,218.0,,448.0
39075,OH,HOLMES,26110709.0,131901.0,36862.0,26279472.0
39077,OH,HURON,6877920.0,148650.0,164.0,7026734.0
39079,OH,JACKSON,254.0,242.0,24.0,520.0
39081,OH,JEFFERSON,,,12.0,12.0
39083,OH,KNOX,11337309.0,,,11337309.0
39085,OH,LAKE,1114.0,308.0,111.0,1533.0
39087,OH,LAWRENCE,,90.0,,90.0
39089,OH,LICKING,2288.0,,,2288.0
39091,OH,LOGAN,1175.0,,,1175.0
39093,OH,LORAIN,7828.0,2273.0,240.0,10341.0
39095,OH,LUCAS,1845.0,102.0,1124.0,3071.0
39097,OH,MADISON,111.0,276.0,25.0,412.0
39099,OH,MAHONING,4191089.0,,196.0,4191285.0
39101,OH,MARION,1250.0,48.0,,1298.0
39103,OH,MEDINA,8002.0,1407.0,1289.0,10698.0
39105,OH,MEIGS,248.0,2424.0,87.0,2759.0
39107,OH,MERCER,,2832714.0,5467783.0,8300497.0
39109,OH,MIAMI,1440.0,271.0,,1711.0
39111,OH,MONROE,430.0,,,430.0
39113,OH,MONTGOMERY,5718.0,335.0,173.0,6226.0
39115,OH,MORGAN,58.0,61.0,,119.0
39117,OH,MORROW,690.0,602.0,172.0,1464.0
39119,OH,MUSKINGUM,5528284.0,299962.0,16.0,5828262.0
39121,OH,NOBLE,1110.0,110.0,,1220.0
39123,OH,OTTAWA,373.0,190.0,120.0,683.0
39125,OH,PAULDING,8130.0,20.0,,8150.0
39127,OH,PERRY,31420.0,435.0,2210.0,34065.0
39129,OH,PICKAWAY,,104.0,,104.0
39131,OH,PIKE,,68.0,,68.0
39133,OH,PORTAGE,3333.0,650.0,190.0,4173.0
39135,OH,PREBLE,5015.0,1396.0,,6411.0
39137,OH,PUTNAM,70.0,,,70.0
39139,OH,RICHLAND,1912105.0,229225.0,,2141330.0
39141,OH,ROSS,276.0,,,276.0
39143,OH,SANDUSKY,455.0,,61.0,516.0
39145,OH,SCIOTO,148.0,543.0,175.0,866.0
39147,OH,SENECA,1012.0,410.0,,1422.0
39149,OH,SHELBY,1997.0,,16.0,2013.0
39151,OH,STARK,,115456.0,1055.0,116511.0
39153,OH,SUMMIT,7852.0,2370.0,356.0,10578.0
39155,OH,TRUMBULL,,435.0,205.0,640.0
39157,OH,TUSCARAWAS,8509521.0,114940.0,2727.0,8627188.0
39159,OH,UNION,986.0,,214.0,1200.0
39161,OH,VAN WERT,,355465.0,187075.0,542540.0
39163,OH,VINTON,,,,
39165,OH,WARREN,7041.0,3220.0,659.0,10920.0
39167,OH,WASHINGTON,10314.0,279.0,434.0,11027.0
39169,OH,WAYNE,24989601.0,302546.0,1969.0,25294116.0
39171,OH,WILLIAMS,1200.0,,,1200.0
39173,OH,WOOD,236.0,,104.0,340.0
39175,OH,WYANDOT,84.0,,,84.0
40001,OK,ADAIR,32296090.0,513407.0,,32809497.0
40003,OK,ALFALFA,,,,
40005,OK,ATOKA,466.0,1181.0,18.0,1665.0
40007,OK,BEAVER,,,,
40009,OK,BECKHAM,,215.0,,215.0
40011,OK,BLAINE,114.0,270.0,,384.0
40013,OK,BRYAN,186.0,302.0,32.0,520.0
40017,OK,CANADIAN,1103.0,461.0,12.0,1576.0
40019,OK,CARTER,,952.0,78.0,1030.0
40021,OK,CHEROKEE,,5568.0,,5568.0
40023,OK,CHOCTAW,,38.0,,38.0
40027,OK,CLEVELAND,303.0,2302.0,54.0,2659.0
40029,OK,COAL,,98.0,,98.0
40031,OK,COMANCHE,,312.0,,312.0
40033,OK,COTTON,,208.0,,208.0
40035,OK,CRAIG,10563713.0,,,10563713.0
40037,OK,CREEK,767.0,102523.0,785.0,104075.0
40039,OK,CUSTER,160.0,274.0,,434.0
40041,OK,DELAWARE,62723017.0,624789.0,,63347806.0
40043,OK,DEWEY,,,,
40045,OK,ELLIS,,120.0,,120.0
40047,OK,GARFIELD,540.0,760.0,39.0,1339.0
40049,OK,GARVIN,272.0,1101.0,,1373.0
40051,OK,GRADY,205.0,1166.0,22.0,1393.0
40053,OK,GRANT,,38.0,,38.0
40055,OK,GREER,,,354.0,354.0
40061,OK,HASKELL,6443021.0,182923.0,,6625944.0
40063,OK,HUGHES,,135.0,14.0,149.0
40065,OK,JACKSON,,95.0,,95.0
40069,OK,JOHNSTON,,46.0,,46.0
40071,OK,KAY,,934.0,6.0,940.0
40073,OK,KINGFISHER,150.0,304.0,150.0,604.0
40075,OK,KIOWA,,75.0,,75.0
40077,OK,LATIMER,,989.0,,989.0
40079,OK,LEFLORE,36539618.0,124342.0,,36663960.0
40081,OK,LINCOLN,707.0,1427.0,102.0,2236.0
40083,OK,LOGAN,916.0,624.0,27.0,1567.0
40085,OK,LOVE,,392.0,60.0,452.0
40087,OK,MCCLAIN,1531.0,1013.0,10.0,2554.0
40089,OK,MCCURTAIN,36802033.0,103111.0,,36905144.0
40091,OK,MCINTOSH,,99654.0,6.0,99660.0
40093,OK,MAJOR,,516.0,,516.0
40095,OK,MARSHALL,48.0,94.0,4.0,146.0
40097,OK,MAYES,13800374.0,83244.0,20.0,13883638.0
40099,OK,MURRAY,218.0,,,218.0
40101,OK,MUSKOGEE,112.0,444411.0,,444523.0
40103,OK,NOBLE,,378.0,,378.0
40105,OK,NOWATA,458.0,417.0,6.0,881.0
40107,OK,OKFUSKEE,,288.0,,288.0
40109,OK,OKLAHOMA,681.0,1614.0,40.0,2335.0
40111,OK,OKMULGEE,508.0,51378.0,622.0,52508.0
40113,OK,OSAGE,457.0,561.0,70.0,1088.0
40115,OK,OTTAWA,7666442.0,1899.0,,7668341.0
40117,OK,PAWNEE,80.0,649.0,,729.0
40119,OK,PAYNE,161.0,330.0,12.0,503.0
40121,OK,PITTSBURG,1182.0,2212.0,,3394.0
40123,OK,PONTOTOC,581.0,405.0,84.0,1070.0
40125,OK,POTTAWATOMIE,239.0,,12.0,251.0
40127,OK,PUSHMATAHA,60.0,316.0,60.0,436.0
40129,OK,ROGER MILLS,,188.0,18.0,206.0
40131,OK,ROGERS,9162926.0,1515.0,,9164441.0
40133,OK,SEMINOLE,194.0,769.0,,963.0
40135,OK,SEQUOYAH,255.0,130668.0,18.0,130941.0
40137,OK,STEPHENS,,223.0,,223.0
40141,OK,TILLMAN,,390.0,60.0,450.0
40143,OK,TULSA,278.0,150.0,99.0,527.0
40145,OK,WAGONER,13451.0,2102.0,12.0,15565.0
40147,OK,WASHINGTON,,242.0,60.0,302.0
40151,OK,WOODS,,300.0,,300.0
40153,OK,WOODWARD,,78.0,88.0,166.0
41001,OR,BAKER,,201.0,,201.0
41003,OR,BENTON,15040.0,2444.0,1771.0,19255.0
41005,OR,CLACKAMAS,3282906.0,,436.0,3283342.0
41007,OR,CLATSOP,,44.0,8.0,52.0
41009,OR,COLUMBIA,1618.0,649.0,281.0,2548.0
41011,OR,COOS,56.0,1259.0,,1315.0
41013,OR,CROOK,,334.0,,334.0
41015,OR,CURRY,,200.0,,200.0
41017,OR,DESCHUTES,3007.0,1041.0,230.0,4278.0
41019,OR,DOUGLAS,1278.0,1003.0,22.0,2303.0
41023,OR,GRANT,,254.0,,254.0
41025,OR,HARNEY,,,14.0,14.0
41027,OR,HOOD RIVER,,249.0,,249.0
41029,OR,JACKSON,11701.0,1969.0,323.0,13993.0
41031,OR,JEFFERSON,1828.0,701.0,,2529.0
41033,OR,JOSEPHINE,181.0,681.0,6.0,868.0
41035,OR,KLAMATH,,60.0,30.0,90.0
41037,OR,LAKE,,127.0,30.0,157.0
41039,OR,LANE,8746.0,3515.0,690.0,12951.0
41041,OR,LINCOLN,124.0,656.0,,780.0
41043,OR,LINN,6532653.0,1720.0,854.0,6535227.0
41045,OR,MALHEUR,,469.0,68.0,537.0
41047,OR,MARION,,,4427.0,4427.0
41049,OR,MORROW,31.0,76.0,,107.0
41051,OR,MULTNOMAH,3252.0,1540.0,288.0,5080.0
41053,OR,POLK,,1845.0,50.0,1895.0
41055,OR,SHERMAN,,,,
41057,OR,TILLAMOOK,165.0,1922.0,52.0,2139.0
41059,OR,UMATILLA,1060.0,,152.0,1212.0
41061,OR,UNION,,271.0,,271.0
41063,OR,WALLOWA,2645.0,289.0,80.0,3014.0
41065,OR,WASCO,,,,
41067,OR,WASHINGTON,16343.0,2072.0,1303.0,19718.0
41069,OR,WHEELER,,,,
41071,OR,YAMHILL,4979606.0,1934.0,199.0,4981739.0
42001,PA,ADAMS,2046620.0,200691.0,1014564.0,3261875.0
42003,PA,ALLEGHENY,330.0,,,330.0
42005,PA,ARMSTRONG,310.0,446.0,,756.0
42007,PA,BEAVER,4120.0,,149.0,4269.0
42009,PA,BEDFORD,,,312.0,312.0
42011,PA,BERKS,30432551.0,859259.0,8542.0,31300352.0
42013,PA,BLAIR,652.0,88685.0,,89337.0
42015,PA,BRADFORD,12895.0,335.0,,13230.0
42017,PA,BUCKS,,4944.0,,4944.0
42019,PA,BUTLER,4558.0,1622.0,,6180.0
42021,PA,CAMBRIA,1992.0,58.0,75.0,2125.0
42025,PA,CARBON,,,,
42027,PA,CENTRE,2883.0,10844.0,38158.0,51885.0
42029,PA,CHESTER,1208630.0,56461.0,299902.0,1564993.0
42031,PA,CLARION,13760.0,487.0,649.0,14896.0
42033,PA,CLEARFIELD,96.0,72.0,,168.0
42035,PA,CLINTON,1512.0,37482.0,,38994.0
42037,PA,COLUMBIA,1354145.0,557.0,,1354702.0
42039,PA,CRAWFORD,569.0,568.0,8.0,1145.0
42041,PA,CUMBERLAND,2178684.0,534655.0,204457.0,2917796.0
42043,PA,DAUPHIN,4128417.0,345622.0,,4474039.0
42047,PA,ELK,,,,
42049,PA,ERIE,395.0,344.0,11.0,750.0
42051,PA,FAYETTE,430.0,1177.0,43.0,1650.0
42053,PA,FOREST,,,,
42055,PA,FRANKLIN,2101870.0,864192.0,768321.0,3734383.0
42057,PA,FULTON,255.0,265.0,137136.0,137656.0
42059,PA,GREENE,,44.0,,44.0
42061,PA,HUNTINGDON,495.0,,,495.0
42063,PA,INDIANA,1035.0,2341.0,440.0,3816.0
42065,PA,JEFFERSON,,152.0,,152.0
42067,PA,JUNIATA,9761678.0,183627.0,227012.0,10172317.0
42069,PA,LACKAWANNA,374.0,66.0,,440.0
42071,PA,LANCASTER,61240061.0,6214613.0,645160.0,68099834.0
42073,PA,LAWRENCE,90.0,296.0,,386.0
42075,PA,LEBANON,48764569.0,1198421.0,189600.0,50152590.0
42077,PA,LEHIGH,500.0,150006.0,,150506.0
42079,PA,LUZERNE,565.0,356.0,540.0,1461.0
42081,PA,LYCOMING,9669.0,,,9669.0
42083,PA,MCKEAN,,174.0,,174.0
42085,PA,MERCER,4735.0,1161.0,537.0,6433.0
42087,PA,MIFFLIN,1250602.0,79847.0,316227.0,1646676.0
42089,PA,MONROE,4000.0,,,4000.0
42091,PA,MONTGOMERY,40907.0,408.0,64.0,41379.0
42093,PA,MONTOUR,3164496.0,168419.0,,3332915.0
42095,PA,NORTHAMPTON,250.0,1291.0,68.0,1609.0
42097,PA,NORTHUMBERLAND,6074451.0,176399.0,,6250850.0
42099,PA,PERRY,4690135.0,255869.0,625371.0,5571375.0
42101,PA,PHILADELPHIA,,,,
42103,PA,PIKE,,75.0,,75.0
42105,PA,POTTER,2450.0,1890.0,,4340.0
42107,PA,SCHUYLKILL,13917016.0,369511.0,,14286527.0
42109,PA,SNYDER,14493516.0,548070.0,547389.0,15588975.0
42111,PA,SOMERSET,13904.0,3295.0,1758.0,18957.0
42113,PA,SULLIVAN,,,,
42115,PA,SUSQUEHANNA,,130.0,,130.0
42117,PA,TIOGA,1547.0,,134.0,1681.0
42119,PA,UNION,11863152.0,453085.0,715866.0,13032103.0
42121,PA,VENANGO,169.0,101.0,53.0,323.0
42123,PA,WARREN,,64.0,,64.0
42125,PA,WASHINGTON,9162.0,2422.0,173.0,11757.0
42127,PA,WAYNE,1861.0,,82.0,1943.0
42129,PA,WESTMORELAND,200.0,15680.0,8076.0,23956.0
42131,PA,WYOMING,,133.0,14.0,147.0
42133,PA,YORK,9215037.0,561122.0,529799.0,10305958.0
44001,RI,BRISTOL,,,,
44003,RI,KENT,,4850.0,2854.0,7704.0
44005,RI,NEWPORT,,1930.0,109.0,2039.0
44007,RI,PROVIDENCE,,,,
44009,RI,WASHINGTON,,,,
45001,SC,ABBEVILLE,,284.0,20.0,304.0
45003,SC,AIKEN,19429023.0,,51.0,19429074.0
45005,SC,ALLENDALE,,,,
45007,SC,ANDERSON,7690972.0,,129.0,7691101.0
45009,SC,BAMBERG,2566500.0,185.0,,2566685.0
45011,SC,BARNWELL,1505630.0,82037.0,,1587667.0
45013,SC,BEAUFORT,123.0,,,123.0
45015,SC,BERKELEY,740.0,2970.0,,3710.0
45017,SC,CALHOUN,2700830.0,,,2700830.0
45019,SC,CHARLESTON,195.0,102.0,,297.0
45021,SC,CHEROKEE,,792.0,,792.0
45023,SC,CHESTER,,,296102.0,296102.0
45025,SC,CHESTERFIELD,,122096.0,693400.0,815496.0
45027,SC,CLARENDON,11711330.0,60.0,,11711390.0
45029,SC,COLLETON,,2307.0,,2307.0
45031,SC,DARLINGTON,2227242.0,210.0,1569280.0,3796732.0
45033,SC,DILLON,16790000.0,,,16790000.0
45035,SC,DORCHESTER,3320196.0,,30.0,3320226.0
45037,SC,EDGEFIELD,4237120.0,122.0,,4237242.0
45039,SC,FAIRFIELD,160.0,,797000.0,797160.0
45041,SC,FLORENCE,,478.0,,478.0
45043,SC,GEORGETOWN,3.0,,,3.0
45045,SC,GREENVILLE,6540.0,1468.0,79.0,8087.0
45047,SC,GREENWOOD,3040.0,,,3040.0
45049,SC,HAMPTON,,,,
45051,SC,HORRY,1225300.0,172.0,64.0,1225536.0
45053,SC,JASPER,,,,
45055,SC,KERSHAW,180.0,1253376.0,7456605.0,8710161.0
45057,SC,LANCASTER,1772664.0,,1864641.0,3637305.0
45059,SC,LAURENS,6966228.0,790.0,,6967018.0
45061,SC,LEE,6177700.0,140.0,2147198.0,8325038.0
45063,SC,LEXINGTON,37755139.0,,,37755139.0
45067,SC,MARION,,,,
45069,SC,MARLBORO,6866000.0,,,6866000.0
45071,SC,NEWBERRY,15653389.0,,1551340.0,17204729.0
45073,SC,OCONEE,28078024.0,,,28078024.0
45075,SC,ORANGEBURG,20167425.0,380698.0,,20548123.0
45077,SC,PICKENS,821.0,2908.0,,3729.0
45079,SC,RICHLAND,479.0,358.0,,837.0
45081,SC,SALUDA,31278752.0,,30.0,31278782.0
45083,SC,SPARTANBURG,1356.0,2110.0,,3466.0
45085,SC,SUMTER,2940000.0,,1076194.0,4016194.0
45087,SC,UNION,,98.0,327080.0,327178.0
45089,SC,WILLIAMSBURG,,1158.0,,1158.0
45091,SC,YORK,336.0,704.0,1745000.0,1746040.0
46003,SD,AURORA,,,,
46005,SD,BEADLE,15870.0,136.0,165000.0,181006.0
46009,SD,BON HOMME,,,,
46011,SD,BROOKINGS,464.0,,,464.0
46013,SD,BROWN,,148.0,,148.0
46015,SD,BRULE,,,,
46019,SD,BUTTE,,318.0,,318.0
46023,SD,CHARLES MIX,,,204000.0,204000.0
46025,SD,CLARK,,,,
46027,SD,CLAY,,,,
46029,SD,CODINGTON,1554.0,,,1554.0
46031,SD,CORSON,,,,
46033,SD,CUSTER,,327.0,,327.0
46035,SD,DAVISON,,,,
46037,SD,DAY,,,,
46039,SD,DEUEL,,30.0,,30.0
46043,SD,DOUGLAS,918.0,102.0,,1020.0
46045,SD,EDMUNDS,,,,
46047,SD,FALL RIVER,232.0,50.0,300.0,582.0
46049,SD,FAULK,,,,
46051,SD,GRANT,,265.0,,265.0
46053,SD,GREGORY,225.0,,,225.0
46057,SD,HAMLIN,60.0,45.0,,105.0
46059,SD,HAND,,,,
46061,SD,HANSON,,,224880.0,224880.0
46063,SD,HARDING,,60.0,,60.0
46067,SD,HUTCHINSON,,,170940.0,170940.0
46071,SD,JACKSON,,36.0,,36.0
46073,SD,JERAULD,,,,
46075,SD,JONES,,,,
46077,SD,KINGSBURY,,273.0,,273.0
46079,SD,LAKE,,,,
46081,SD,LAWRENCE,,,,
46083,SD,LINCOLN,,120.0,,120.0
46087,SD,MCCOOK,,,,
46089,SD,MCPHERSON,,,400386.0,400386.0
46091,SD,MARSHALL,,,,
46093,SD,MEADE,100.0,372.0,12.0,484.0
46095,SD,MELLETTE,,,,
46099,SD,MINNEHAHA,190.0,,,190.0
46101,SD,MOODY,448.0,,,448.0
46102,SD,OGLALA LAKOTA,2175.0,,216.0,2391.0
46103,SD,PENNINGTON,396.0,929.0,20.0,1345.0
46111,SD,SANBORN,,,,
46115,SD,SPINK,,,86200.0,86200.0
46121,SD,TODD,,,,
46125,SD,TURNER,1225.0,556.0,,1781.0
46127,SD,UNION,,,,
46129,SD,WALWORTH,,,,
46135,SD,YANKTON,,2005.0,,2005.0
47001,TN,ANDERSON,,105.0,66.0,171.0
47003,TN,BEDFORD,20869909.0,,112.0,20870021.0
47005,TN,BENTON,17.0,349.0,,366.0
47007,TN,BLEDSOE,,520422.0,36.0,520458.0
47009,TN,BLOUNT,1013.0,434.0,204.0,1651.0
47011,TN,BRADLEY,25483204.0,163600.0,,25646804.0
47013,TN,CAMPBELL,,33.0,15.0,48.0
47015,TN,CANNON,470.0,18117.0,126.0,18713.0
47017,TN,CARROLL,1202012.0,111817.0,,1313829.0
47019,TN,CARTER,70.0,181.0,,251.0
47021,TN,CHEATHAM,,468.0,,468.0
47023,TN,CHESTER,,304.0,11.0,315.0
47025,TN,CLAIBORNE,524.0,,49.0,573.0
47027,TN,CLAY,6943212.0,,,6943212.0
47029,TN,COCKE,6076500.0,434.0,,6076934.0
47031,TN,COFFEE,,418.0,,418.0
47035,TN,CUMBERLAND,1012.0,581.0,108.0,1701.0
47037,TN,DAVIDSON,275.0,483.0,,758.0
47039,TN,DECATUR,,238.0,,238.0
47041,TN,DE KALB,660.0,285.0,,945.0
47043,TN,DICKSON,183.0,466.0,,649.0
47045,TN,DYER,,,,
47047,TN,FAYETTE,,154.0,,154.0
47049,TN,FENTRESS,5736096.0,910.0,,5737006.0
47051,TN,FRANKLIN,9130052.0,,,9130052.0
47053,TN,GIBSON,,9050.0,,9050.0
47055,TN,GILES,,152447.0,,152447.0
47057,TN,GRAINGER,75.0,538.0,,613.0
47059,TN,GREENE,3024471.0,1607.0,376.0,3026454.0
47061,TN,GRUNDY,3477881.0,,,3477881.0
47063,TN,HAMBLEN,,,,
47065,TN,HAMILTON,4785330.0,,17.0,4785347.0
47067,TN,HANCOCK,22.0,39.0,8.0,69.0
47069,TN,HARDEMAN,,898.0,,898.0
47071,TN,HARDIN,,357.0,,357.0
47073,TN,HAWKINS,1850930.0,1648.0,,1852578.0
47075,TN,HAYWOOD,,,,
47077,TN,HENDERSON,,80.0,,80.0
47079,TN,HENRY,4120660.0,44563.0,,4165223.0
47081,TN,HICKMAN,,122.0,,122.0
47083,TN,HOUSTON,,304.0,,304.0
47085,TN,HUMPHREYS,,291.0,,291.0
47087,TN,JACKSON,,729.0,,729.0
47089,TN,JEFFERSON,,444.0,,444.0
47091,TN,JOHNSON,,,,
47093,TN,KNOX,1285.0,1271.0,42.0,2598.0
47097,TN,LAUDERDALE,,,,
47099,TN,LAWRENCE,,384793.0,,384793.0
47101,TN,LEWIS,166.0,,,166.0
47103,TN,LINCOLN,18859135.0,,,18859135.0
47105,TN,LOUDON,,89.0,,89.0
47107,TN,MCMINN,10772100.0,1209.0,12.0,10773321.0
47109,TN,MCNAIRY,1040.0,,,1040.0
47111,TN,MACON,2602610.0,,64.0,2602674.0
47113,TN,MADISON,200.0,182.0,,382.0
47115,TN,MARION,5458466.0,,9.0,5458475.0
47117,TN,MARSHALL,13091330.0,889.0,118.0,13092337.0
47119,TN,MAURY,3565.0,539.0,,4104.0
47121,TN,MEIGS,475.0,202.0,133.0,810.0
47123,TN,MONROE,230920.0,115.0,51.0,231086.0
47125,TN,MONTGOMERY,,150.0,18.0,168.0
47127,TN,MOORE,,,,
47129,TN,MORGAN,1350046.0,,129.0,1350175.0
47131,TN,OBION,5903990.0,,,5903990.0
47133,TN,OVERTON,267.0,352.0,28.0,647.0
47135,TN,PERRY,,214.0,30.0,244.0
47137,TN,PICKETT,2549000.0,108.0,,2549108.0
47139,TN,POLK,13414675.0,40024.0,,13454699.0
47141,TN,PUTNAM,513.0,1681.0,12.0,2206.0
47143,TN,RHEA,,,,
47145,TN,ROANE,1811.0,364.0,,2175.0
47147,TN,ROBERTSON,1112.0,823.0,,1935.0
47149,TN,RUTHERFORD,1248.0,1136.0,115.0,2499.0
47151,TN,SCOTT,90.0,,,90.0
47153,TN,SEQUATCHIE,104.0,,,104.0
47155,TN,SEVIER,2100.0,769.0,,2869.0
47157,TN,SHELBY,634.0,45.0,114.0,793.0
47159,TN,SMITH,,32.0,,32.0
47161,TN,STEWART,586.0,131.0,,717.0
47163,TN,SULLIVAN,,1149.0,54.0,1203.0
47165,TN,SUMNER,67.0,700.0,45.0,812.0
47167,TN,TIPTON,,,,
47169,TN,TROUSDALE,,51.0,,51.0
47171,TN,UNICOI,60.0,66.0,,126.0
47173,TN,UNION,158.0,131.0,,289.0
47175,TN,VAN BUREN,2220.0,21475.0,433.0,24128.0
47177,TN,WARREN,,16210.0,,16210.0
47179,TN,WASHINGTON,20.0,200.0,,220.0
47181,TN,WAYNE,,477741.0,,477741.0
47183,TN,WEAKLEY,12743413.0,121736.0,,12865149.0
47185,TN,WHITE,674.0,639.0,347.0,1660.0
47187,TN,WILLIAMSON,1585.0,321.0,,1906.0
47189,TN,WILSON,,941.0,109.0,1050.0
48001,TX,ANDERSON,20933174.0,236.0,,20933410.0
48003,TX,ANDREWS,,,,
48005,TX,ANGELINA,10426259.0,,49.0,10426308.0
48007,TX,ARANSAS,,448.0,,448.0
48009,TX,ARCHER,,152.0,,152.0
48011,TX,ARMSTRONG,,,,
48013,TX,ATASCOSA,480.0,2391.0,,2871.0
48015,TX,AUSTIN,66.0,275.0,45.0,386.0
48017,TX,BAILEY,,,,
48019,TX,BANDERA,138.0,122.0,,260.0
48021,TX,BASTROP,900327.0,487.0,228.0,901042.0
48025,TX,BEE,875.0,226.0,,1101.0
48027,TX,BELL,550.0,560.0,45.0,1155.0
48029,TX,BEXAR,2495.0,3065.0,149.0,5709.0
48031,TX,BLANCO,,281.0,,281.0
48035,TX,BOSQUE,,595.0,140.0,735.0
48037,TX,BOWIE,9285068.0,1128.0,76.0,9286272.0
48039,TX,BRAZORIA,,,220.0,220.0
48041,TX,BRAZOS,,151.0,,151.0
48047,TX,BROOKS,9.0,60.0,,69.0
48049,TX,BROWN,,72.0,,72.0
48051,TX,BURLESON,4701830.0,230771.0,,4932601.0
48053,TX,BURNET,,897.0,889.0,1786.0
48055,TX,CALDWELL,,,850.0,850.0
48057,TX,CALHOUN,,20.0,,20.0
48059,TX,CALLAHAN,30.0,448.0,6.0,484.0
48061,TX,CAMERON,462.0,94.0,,556.0
48063,TX,CAMP,11224497.0,,,11224497.0
48065,TX,CARSON,,,,
48067,TX,CASS,21660916.0,267566.0,50.0,21928532.0
48071,TX,CHAMBERS,100.0,144.0,,244.0
48073,TX,CHEROKEE,4241770.0,1667.0,,4243437.0
48077,TX,CLAY,,38.0,,38.0
48081,TX,COKE,,,,
48083,TX,COLEMAN,,,,
48085,TX,COLLIN,247.0,2771.0,162.0,3180.0
48087,TX,COLLINGSWORTH,,,,
48089,TX,COLORADO,230.0,51287.0,,51517.0
48091,TX,COMAL,614.0,251.0,648.0,1513.0
48093,TX,COMANCHE,,379.0,30.0,409.0
48097,TX,COOKE,300.0,614.0,36.0,950.0
48099,TX,CORYELL,1299.0,396.0,90.0,1785.0
48107,TX,CROSBY,,78.0,,78.0
48113,TX,DALLAS,420.0,15535.0,31.0,15986.0
48117,TX,DEAF SMITH,,,,
48119,TX,DELTA,1049.0,3790.0,,4839.0
48121,TX,DENTON,791.0,,,791.0
48123,TX,DE WITT,,80.0,,80.0
48125,TX,DICKENS,,,,
48129,TX,DONLEY,,,,
48131,TX,DUVAL,,,,
48133,TX,EASTLAND,1840.0,226.0,,2066.0
48137,TX,EDWARDS,,18.0,,18.0
48139,TX,ELLIS,639.0,1164.0,64.0,1867.0
48141,TX,EL PASO,360.0,160.0,49.0,569.0
48143,TX,ERATH,336.0,715.0,,1051.0
48145,TX,FALLS,,567.0,,567.0
48147,TX,FANNIN,140.0,1032.0,38.0,1210.0
48149,TX,FAYETTE,337.0,,,337.0
48151,TX,FISHER,,346.0,,346.0
48157,TX,FORT BEND,2185.0,331.0,3.0,2519.0
48159,TX,FRANKLIN,35155056.0,,,35155056.0
48161,TX,FREESTONE,11637195.0,206308.0,,11843503.0
48163,TX,FRIO,156.0,300.0,,456.0
48165,TX,GAINES,60.0,60.0,,120.0
48167,TX,GALVESTON,170.0,553.0,48.0,771.0
48169,TX,GARZA,,,,
48171,TX,GILLESPIE,160.0,585.0,125.0,870.0
48175,TX,GOLIAD,,128.0,,128.0
48177,TX,GONZALES,94447112.0,7469631.0,,101916743.0
48179,TX,GRAY,,64.0,,64.0
48181,TX,GRAYSON,987.0,915.0,27.0,1929.0
48183,TX,GREGG,80.0,185.0,,265.0
48185,TX,GRIMES,,294.0,47.0,341.0
48187,TX,GUADALUPE,5100433.0,,281.0,5100714.0
48189,TX,HALE,,,9.0,9.0
48193,TX,HAMILTON,224.0,306.0,,530.0
48199,TX,HARDIN,,1475.0,14.0,1489.0
48201,TX,HARRIS,1130.0,1651.0,258.0,3039.0
48203,TX,HARRISON,21.0,461.0,3.0,485.0
48205,TX,HARTLEY,,,,
48209,TX,HAYS,940.0,136.0,160.0,1236.0
48211,TX,HEMPHILL,,,,
48213,TX,HENDERSON,2447.0,2735.0,80.0,5262.0
48215,TX,HIDALGO,471.0,1099.0,90.0,1660.0
48217,TX,HILL,4060.0,,,4060.0
48219,TX,HOCKLEY,15.0,,,15.0
48221,TX,HOOD,,684.0,,684.0
48223,TX,HOPKINS,32166463.0,91980.0,232.0,32258675.0
48225,TX,HOUSTON,5231470.0,,,5231470.0
48227,TX,HOWARD,,45.0,,45.0
48229,TX,HUDSPETH,,,,
48231,TX,HUNT,,5257.0,212.0,5469.0
48233,TX,HUTCHINSON,,,,
48235,TX,IRION,,78.0,,78.0
48237,TX,JACK,,162.0,,162.0
48239,TX,JACKSON,,,,
48241,TX,JASPER,162.0,1108.0,90.0,1360.0
48245,TX,JEFFERSON,57.0,906.0,,963.0
48249,TX,JIM WELLS,2436.0,50.0,394.0,2880.0
48251,TX,JOHNSON,355.0,2075.0,156.0,2586.0
48253,TX,JONES,,70.0,,70.0
48255,TX,KARNES,,27.0,,27.0
48257,TX,KAUFMAN,756.0,2131.0,73.0,2960.0
48259,TX,KENDALL,136.0,210.0,168.0,514.0
48265,TX,KERR,54.0,450.0,52.0,556.0
48267,TX,KIMBLE,,44.0,,44.0
48275,TX,KNOX,,50.0,,50.0
48277,TX,LAMAR,156.0,252.0,18.0,426.0
48279,TX,LAMB,,,,
48281,TX,LAMPASAS,,391.0,81.0,472.0
48285,TX,LAVACA,172.0,,,172.0
48287,TX,LEE,,851.0,,851.0
48289,TX,LEON,30851445.0,,,30851445.0
48291,TX,LIBERTY,251.0,366.0,56.0,673.0
48293,TX,LIMESTONE,6290002.0,,,6290002.0
48295,TX,LIPSCOMB,,,,
48297,TX,LIVE OAK,242.0,,,242.0
48299,TX,LLANO,,60.0,,60.0
48303,TX,LUBBOCK,4099.0,,2223.0,6322.0
48305,TX,LYNN,,70.0,,70.0
48307,TX,MCCULLOCH,,,,
48309,TX,MCLENNAN,249.0,136976.0,,137225.0
48313,TX,MADISON,17584000.0,107.0,,17584107.0
48315,TX,MARION,,,,
48317,TX,MARTIN,,,,
48319,TX,MASON,,306.0,18.0,324.0
48321,TX,MATAGORDA,,60.0,,60.0
48323,TX,MAVERICK,,100.0,,100.0
48325,TX,MEDINA,350.0,4563.0,6.0,4919.0
48327,TX,MENARD,,,,
48329,TX,MIDLAND,,45.0,,45.0
48331,TX,MILAM,5350433.0,121352.0,554596.0,6026381.0
48333,TX,MILLS,22.0,161.0,,183.0
48335,TX,MITCHELL,,,,
48337,TX,MONTAGUE,281.0,205.0,,486.0
48339,TX,MONTGOMERY,681.0,1603.0,82.0,2366.0
48343,TX,MORRIS,9268604.0,36.0,20.0,9268660.0
48347,TX,NACOGDOCHES,86982261.0,211834.0,,87194095.0
48349,TX,NAVARRO,269.0,900.0,26.0,1195.0
48351,TX,NEWTON,,89.0,60.0,149.0
48355,TX,NUECES,,120.0,375.0,495.0
48361,TX,ORANGE,640.0,351.0,,991.0
48363,TX,PALO PINTO,,700.0,,700.0
48365,TX,PANOLA,13815360.0,,15.0,13815375.0
48367,TX,PARKER,2440.0,2196.0,2013.0,6649.0
48369,TX,PARMER,,,,
48371,TX,PECOS,125.0,,,125.0
48373,TX,POLK,330.0,315.0,,645.0
48375,TX,POTTER,,12.0,,12.0
48379,TX,RAINS,596.0,970.0,,1566.0
48381,TX,RANDALL,1050.0,416.0,,1466.0
48387,TX,RED RIVER,,,,
48391,TX,REFUGIO,,46.0,,46.0
48395,TX,ROBERTSON,18792250.0,5699.0,122.0,18798071.0
48397,TX,ROCKWALL,,124.0,,124.0
48399,TX,RUNNELS,,81.0,,81.0
48401,TX,RUSK,12230786.0,36287.0,1134.0,12268207.0
48403,TX,SABINE,,,,
48405,TX,SAN AUGUSTINE,54615790.0,124325.0,141.0,54740256.0
48407,TX,SAN JACINTO,156.0,541.0,,697.0
48409,TX,SAN PATRICIO,170.0,270.0,,440.0
48411,TX,SAN SABA,,,,
48415,TX,SCURRY,30.0,140.0,,170.0
48417,TX,SHACKELFORD,12.0,48.0,,60.0
48419,TX,SHELBY,90518787.0,711730.0,,91230517.0
48423,TX,SMITH,,88293.0,,88293.0
48425,TX,SOMERVELL,44.0,,,44.0
48427,TX,STARR,168.0,620.0,,788.0
48429,TX,STEPHENS,45.0,1786.0,,1831.0
48433,TX,STONEWALL,,,,
48437,TX,SWISHER,190.0,,,190.0
48439,TX,TARRANT,655.0,693.0,,1348.0
48441,TX,TAYLOR,1560.0,478.0,26.0,2064.0
48445,TX,TERRY,331.0,,,331.0
48449,TX,TITUS,38846689.0,1445.0,6.0,38848140.0
48451,TX,TOM GREEN,908.0,1219.0,15.0,2142.0
48453,TX,TRAVIS,1357275.0,783.0,608.0,1358666.0
48455,TX,TRINITY,,450.0,,450.0
48457,TX,TYLER,12110.0,607.0,4.0,12721.0
48459,TX,UPSHUR,8892252.0,1828.0,175.0,8894255.0
48463,TX,UVALDE,35.0,,,35.0
48465,TX,VAL VERDE,,264.0,,264.0
48467,TX,VAN ZANDT,260.0,6985.0,,7245.0
48469,TX,VICTORIA,,608.0,12.0,620.0
48471,TX,WALKER,,466.0,,466.0
48473,TX,WALLER,940.0,2722.0,141.0,3803.0
48477,TX,WASHINGTON,,,,
48481,TX,WHARTON,2028.0,,177.0,2205.0
48483,TX,WHEELER,,,,
48485,TX,WICHITA,248.0,58.0,,306.0
48487,TX,WILBARGER,,,31.0,31.0
48489,TX,WILLACY,,,,
48491,TX,WILLIAMSON,729.0,1290.0,,2019.0
48493,TX,WILSON,2050.0,294.0,1506.0,3850.0
48497,TX,WISE,570.0,1214.0,73.0,1857.0
48499,TX,WOOD,32088818.0,182502.0,,32271320.0
48503,TX,YOUNG,,59.0,30.0,89.0
48505,TX,ZAPATA,,,,
49001,UT,BEAVER,,23.0,,23.0
49003,UT,BOX ELDER,368.0,278.0,162.0,808.0
49005,UT,CACHE,443.0,,,443.0
49007,UT,CARBON,,96.0,,96.0
49009,UT,DAGGETT,,,,
49011,UT,DAVIS,612.0,363.0,32.0,1007.0
49013,UT,DUCHESNE,,186.0,,186.0
49015,UT,EMERY,9.0,536.0,9.0,554.0
49017,UT,GARFIELD,,,,
49021,UT,IRON,,81.0,,81.0
49023,UT,JUAB,,,,
49025,UT,KANE,,36.0,,36.0
49027,UT,MILLARD,667.0,,,667.0
49031,UT,PIUTE,,,150000.0,150000.0
49033,UT,RICH,,29.0,,29.0
49035,UT,SALT LAKE,,513.0,,513.0
49037,UT,SAN JUAN,,12.0,,12.0
49039,UT,SANPETE,57.0,599.0,4311540.0,4312196.0
49041,UT,SEVIER,240.0,739.0,,979.0
49043,UT,SUMMIT,,102.0,,102.0
49045,UT,TOOELE,1135.0,,12.0,1147.0
49047,UT,UINTAH,,1393.0,,1393.0
49049,UT,UTAH,283.0,,,283.0
49051,UT,WASATCH,,70.0,,70.0
49053,UT,WASHINGTON,2378.0,478.0,,2856.0
49055,UT,WAYNE,,,,
49057,UT,WEBER,435.0,,,435.0
50001,VT,ADDISON,,,,
50003,VT,BENNINGTON,1700.0,,1005.0,2705.0
50005,VT,CALEDONIA,1655.0,1644.0,180.0,3479.0
50007,VT,CHITTENDEN,25328.0,,,25328.0
50009,VT,ESSEX,,580.0,420.0,1000.0
50011,VT,FRANKLIN,2726.0,,464.0,3190.0
50013,VT,GRAND ISLE,13212.0,,,13212.0
50015,VT,LAMOILLE,,378.0,40.0,418.0
50017,VT,ORANGE,580.0,931.0,,1511.0
50019,VT,ORLEANS,72718.0,1760.0,975.0,75453.0
50021,VT,RUTLAND,4424.0,2534.0,242.0,7200.0
50023,VT,WASHINGTON,1834.0,929.0,393.0,3156.0
50025,VT,WINDHAM,9728.0,4877.0,286.0,14891.0
50027,VT,WINDSOR,6966.0,2484.0,337.0,9787.0
51001,VA,ACCOMACK,48878886.0,,,48878886.0
51003,VA,ALBEMARLE,335.0,234.0,,569.0
51005,VA,ALLEGHANY,,53.0,12.0,65.0
51007,VA,AMELIA,7961947.0,84.0,,7962031.0
51009,VA,AMHERST,1042.0,216.0,,1258.0
51011,VA,APPOMATTOX,290.0,336.0,10.0,636.0
51015,VA,AUGUSTA,36277388.0,121163.0,4003260.0,40401811.0
51017,VA,BATH,,34.0,,34.0
51019,VA,BEDFORD,1385.0,1041.0,108.0,2534.0
51021,VA,BLAND,,,,
51023,VA,BOTETOURT,1034.0,,,1034.0
51025,VA,BRUNSWICK,,,,
51029,VA,BUCKINGHAM,5853110.0,,,5853110.0
51031,VA,CAMPBELL,1407.0,33.0,,1440.0
51033,VA,CAROLINE,,,,
51035,VA,CARROLL,,70.0,,70.0
51036,VA,CHARLES CITY,,,,
51037,VA,CHARLOTTE,,,,
51041,VA,CHESTERFIELD,86.0,144.0,21.0,251.0
51043,VA,CLARKE,,198.0,,198.0
51045,VA,CRAIG,523.0,9.0,,532.0
51047,VA,CULPEPER,2160.0,639.0,,2799.0
51049,VA,CUMBERLAND,7425820.0,135048.0,,7560868.0
51051,VA,DICKENSON,,80.0,,80.0
51053,VA,DINWIDDIE,605.0,26.0,,631.0
51057,VA,ESSEX,,,,
51059,VA,FAIRFAX,,,,
51061,VA,FAUQUIER,218.0,594.0,58.0,870.0
51063,VA,FLOYD,,993.0,,993.0
51065,VA,FLUVANNA,6304.0,204.0,,6508.0
51067,VA,FRANKLIN,644.0,1180.0,16.0,1840.0
51069,VA,FREDERICK,994.0,582.0,,1576.0
51071,VA,GILES,96.0,,,96.0
51073,VA,GLOUCESTER,6500.0,104.0,1131.0,7735.0
51075,VA,GOOCHLAND,,322.0,,322.0
51077,VA,GRAYSON,,26.0,15.0,41.0
51079,VA,GREENE,320.0,982.0,,1302.0
51083,VA,HALIFAX,,,,
51085,VA,HANOVER,1614010.0,75.0,,1614085.0
51087,VA,HENRICO,,,,
51089,VA,HENRY,195.0,296.0,,491.0
51091,VA,HIGHLAND,,,502410.0,502410.0
51093,VA,ISLE OF WIGHT,725400.0,540.0,,725940.0
51097,VA,KING AND QUEEN,,52.0,,52.0
51099,VA,KING GEORGE,,,,
51101,VA,KING WILLIAM,4200.0,1163.0,439.0,5802.0
51103,VA,LANCASTER,312.0,,36.0,348.0
51105,VA,LEE,,36.0,,36.0
51107,VA,LOUDOUN,,1032.0,1314.0,2346.0
51109,VA,LOUISA,59.0,7596.0,405320.0,412975.0
51111,VA,LUNENBURG,295.0,228.0,,523.0
51113,VA,MADISON,,366.0,63019.0,63385.0
51115,VA,MATHEWS,,,,
51117,VA,MECKLENBURG,,,,
51121,VA,MONTGOMERY,1498.0,612.0,,2110.0
51127,VA,NEW KENT,386.0,90.0,,476.0
51133,VA,NORTHUMBERLAND,150.0,,,150.0
51135,VA,NOTTOWAY,7158000.0,,,7158000.0
51137,VA,ORANGE,,562.0,486012.0,486574.0
51139,VA,PAGE,25464217.0,111345.0,1773078.0,27348640.0
51141,VA,PATRICK,,92.0,,92.0
51143,VA,PITTSYLVANIA,,,79.0,79.0
51145,VA,POWHATAN,2979.0,,42.0,3021.0
51147,VA,PRINCE EDWARD,2166882.0,80.0,,2166962.0
51149,VA,PRINCE GEORGE,40.0,32.0,,72.0
51153,VA,PRINCE WILLIAM,430.0,223.0,46.0,699.0
51155,VA,PULASKI,,93.0,,93.0
51157,VA,RAPPAHANNOCK,642.0,817.0,203.0,1662.0
51159,VA,RICHMOND,,,,
51161,VA,ROANOKE,,64.0,,64.0
51163,VA,ROCKBRIDGE,2050926.0,148.0,139021.0,2190095.0
51165,VA,ROCKINGHAM,112754497.0,603867.0,7222865.0,120581229.0
51167,VA,RUSSELL,,45.0,,45.0
51169,VA,SCOTT,80.0,136.0,7.0,223.0
51171,VA,SHENANDOAH,25864817.0,67334.0,1069084.0,27001235.0
51173,VA,SMYTH,3805.0,195.0,,4000.0
51175,VA,SOUTHAMPTON,4681200.0,,,4681200.0
51177,VA,SPOTSYLVANIA,620.0,3042.0,72.0,3734.0
51179,VA,STAFFORD,138.0,360.0,75.0,573.0
51181,VA,SURRY,,108.0,,108.0
51183,VA,SUSSEX,375.0,,3.0,378.0
51185,VA,TAZEWELL,,,,
51187,VA,WARREN,,112.0,,112.0
51191,VA,WASHINGTON,,,12.0,12.0
51193,VA,WESTMORELAND,,,,
51195,VA,WISE,,,,
51197,VA,WYTHE,1074.0,2350.0,,3424.0
51550,VA,CHESAPEAKE CITY,,,,
51800,VA,SUFFOLK CITY,658144.0,44.0,,658188.0
51810,VA,VIRGINIA BEACH CITY,5560.0,65.0,108.0,5733.0
53001,WA,ADAMS,,,,
53003,WA,ASOTIN,,,,
53005,WA,BENTON,90.0,696.0,24.0,810.0
53007,WA,CHELAN,,240.0,,240.0
53009,WA,CLALLAM,132.0,1073.0,,1205.0
53011,WA,CLARK,1266887.0,1596.0,179.0,1268662.0
53013,WA,COLUMBIA,,,,
53015,WA,COWLITZ,242.0,410.0,28.0,680.0
53017,WA,DOUGLAS,,,106.0,106.0
53019,WA,FERRY,,,203.0,203.0
53021,WA,FRANKLIN,587.0,,,587.0
53023,WA,GARFIELD,,,,
53025,WA,GRANT,,,,
53027,WA,GRAYS HARBOR,195.0,143.0,,338.0
53029,WA,ISLAND,2581.0,26.0,,2607.0
53031,WA,JEFFERSON,7000.0,649.0,,7649.0
53033,WA,KING,1610.0,5750.0,663.0,8023.0
53035,WA,KITSAP,2009.0,1449.0,253.0,3711.0
53037,WA,KITTITAS,60.0,508.0,72.0,640.0
53039,WA,KLICKITAT,252.0,590.0,41.0,883.0
53041,WA,LEWIS,15520356.0,488.0,978.0,15521822.0
53043,WA,LINCOLN,,,,
53045,WA,MASON,,1980.0,177.0,2157.0
53047,WA,OKANOGAN,297.0,735.0,,1032.0
53049,WA,PACIFIC,470.0,,,470.0
53051,WA,PEND OREILLE,140.0,,,140.0
53053,WA,PIERCE,6326.0,8623.0,609.0,15558.0
53055,WA,SAN JUAN,556.0,,,556.0
53057,WA,SKAGIT,,323.0,352.0,675.0
53059,WA,SKAMANIA,,,,
53061,WA,SNOHOMISH,,7336.0,232.0,7568.0
53063,WA,SPOKANE,1065.0,2684.0,141.0,3890.0
53065,WA,STEVENS,830.0,1251.0,16.0,2097.0
53067,WA,THURSTON,,554553.0,242.0,554795.0
53069,WA,WAHKIAKUM,,,,
53071,WA,WALLA WALLA,765.0,525.0,,1290.0
53073,WA,WHATCOM,3122377.0,10835.0,329.0,3133541.0
53075,WA,WHITMAN,,43.0,,43.0
53077,WA,YAKIMA,422.0,,60.0,482.0
54001,WV,BARBOUR,,290.0,,290.0
54003,WV,BERKELEY,,1918.0,,1918.0
54005,WV,BOONE,,24.0,,24.0
54007,WV,BRAXTON,1324.0,279.0,32.0,1635.0
54009,WV,BROOKE,,79.0,,79.0
54011,WV,CABELL,,425.0,,425.0
54013,WV,CALHOUN,150.0,,,150.0
54015,WV,CLAY,,268.0,,268.0
54017,WV,DODDRIDGE,,,,
54019,WV,FAYETTE,,2020.0,,2020.0
54021,WV,GILMER,,,,
54023,WV,GRANT,9600433.0,207067.0,,9807500.0
54025,WV,GREENBRIER,1430.0,766.0,,2196.0
54027,WV,HAMPSHIRE,11395162.0,150155.0,,11545317.0
54029,WV,HANCOCK,420.0,,,420.0
54031,WV,HARDY,34638699.0,592718.0,1844076.0,37075493.0
54033,WV,HARRISON,,165.0,117032.0,117197.0
54035,WV,JACKSON,492.0,82.0,,574.0
54037,WV,JEFFERSON,449.0,161.0,190.0,800.0
54039,WV,KANAWHA,,74.0,,74.0
54041,WV,LEWIS,1586.0,770.0,,2356.0
54043,WV,LINCOLN,150.0,,,150.0
54049,WV,MARION,871.0,,45.0,916.0
54051,WV,MARSHALL,160.0,200.0,,360.0
54053,WV,MASON,,669.0,,669.0
54055,WV,MERCER,47.0,,,47.0
54057,WV,MINERAL,5903824.0,51608.0,32.0,5955464.0
54061,WV,MONONGALIA,722.0,68.0,,790.0
54063,WV,MONROE,,128.0,45009.0,45137.0
54065,WV,MORGAN,18.0,102.0,,120.0
54067,WV,NICHOLAS,,126.0,,126.0
54069,WV,OHIO,,,,
54071,WV,PENDLETON,8623298.0,396452.0,1460018.0,10479768.0
54073,WV,PLEASANTS,864.0,,,864.0
54075,WV,POCAHONTAS,840.0,914.0,,1754.0
54077,WV,PRESTON,5152.0,610.0,,5762.0
54079,WV,PUTNAM,,665.0,,665.0
54081,WV,RALEIGH,,,,
54083,WV,RANDOLPH,,274.0,,274.0
54085,WV,RITCHIE,,353.0,,353.0
54087,WV,ROANE,1003.0,452.0,,1455.0
54089,WV,SUMMERS,,34.0,46.0,80.0
54091,WV,TAYLOR,304.0,118.0,7.0,429.0
54093,WV,TUCKER,,,,
54095,WV,TYLER,,,,
54097,WV,UPSHUR,180.0,184.0,16.0,380.0
54099,WV,WAYNE,115.0,180.0,,295.0
54101,WV,WEBSTER,,,,
54103,WV,WETZEL,,28.0,,28.0
54105,WV,WIRT,300.0,128.0,,428.0
54107,WV,WOOD,606.0,519.0,20.0,1145.0
55001,WI,ADAMS,175.0,,20.0,195.0
55003,WI,ASHLAND,480.0,,,480.0
55005,WI,BARRON,1885.0,591.0,2763545.0,2766021.0
55007,WI,BAYFIELD,1470.0,,,1470.0
55009,WI,BROWN,400710.0,,,400710.0
55011,WI,BUFFALO,24129540.0,127914.0,,24257454.0
55013,WI,BURNETT,565.0,456.0,,1021.0
55015,WI,CALUMET,403.0,191.0,,594.0
55017,WI,CHIPPEWA,8525.0,1510.0,662402.0,672437.0
55019,WI,CLARK,91698.0,49013.0,84.0,140795.0
55021,WI,COLUMBIA,67514.0,28685.0,33.0,96232.0
55023,WI,CRAWFORD,150.0,155.0,,305.0
55025,WI,DANE,7466.0,,564.0,8030.0
55027,WI,DODGE,1853.0,,107.0,1960.0
55029,WI,DOOR,245.0,1883.0,,2128.0
55031,WI,DOUGLAS,208.0,67.0,,275.0
55033,WI,DUNN,1122.0,370.0,,1492.0
55035,WI,EAU CLAIRE,3350486.0,197.0,,3350683.0
55037,WI,FLORENCE,,,,
55039,WI,FOND DU LAC,552.0,399.0,10.0,961.0
55041,WI,FOREST,,,,
55043,WI,GRANT,731029.0,75431.0,8.0,806468.0
55045,WI,GREEN,9432.0,651.0,1425.0,11508.0
55047,WI,GREEN LAKE,89323.0,10173.0,,99496.0
55049,WI,IOWA,,44550.0,,44550.0
55051,WI,IRON,650.0,70.0,60.0,780.0
55053,WI,JACKSON,1400720.0,,,1400720.0
55055,WI,JEFFERSON,1488.0,3500306.0,167.0,3501961.0
55057,WI,JUNEAU,,38.0,14.0,52.0
55059,WI,KENOSHA,,397.0,8.0,405.0
55061,WI,KEWAUNEE,519.0,155.0,30.0,704.0
55063,WI,LA CROSSE,154.0,612.0,,766.0
55065,WI,LAFAYETTE,3585.0,,,3585.0
55067,WI,LANGLADE,252.0,135.0,80.0,467.0
55069,WI,LINCOLN,1271.0,134.0,12.0,1417.0
55071,WI,MANITOWOC,1251.0,,,1251.0
55073,WI,MARATHON,7109.0,,302.0,7411.0
55075,WI,MARINETTE,5800.0,49.0,,5849.0
55077,WI,MARQUETTE,3260.0,16232.0,49.0,19541.0
55081,WI,MONROE,2338.0,91528.0,23.0,93889.0
55083,WI,OCONTO,1355.0,,14.0,1369.0
55087,WI,OUTAGAMIE,2108.0,180.0,40.0,2328.0
55089,WI,OZAUKEE,,90.0,,90.0
55091,WI,PEPIN,588.0,234.0,,822.0
55093,WI,PIERCE,569.0,420.0,37.0,1026.0
55095,WI,POLK,2651.0,236.0,283556.0,286443.0
55097,WI,PORTAGE,3066.0,257.0,440.0,3763.0
55099,WI,PRICE,152.0,119.0,,271.0
55101,WI,RACINE,2550.0,1252.0,243.0,4045.0
55103,WI,RICHLAND,4216.0,46785.0,183.0,51184.0
55105,WI,ROCK,2871.0,454.0,110.0,3435.0
55107,WI,RUSK,725.0,,,725.0
55109,WI,ST CROIX,1280.0,493.0,,1773.0
55111,WI,SAUK,2439.0,13966.0,,16405.0
55113,WI,SAWYER,1074.0,35.0,78.0,1187.0
55115,WI,SHAWANO,982.0,,12.0,994.0
55117,WI,SHEBOYGAN,41390.0,,37.0,41427.0
55119,WI,TAYLOR,160.0,54.0,16.0,230.0
55121,WI,TREMPEALEAU,25892460.0,74066.0,,25966526.0
55123,WI,VERNON,413068.0,94634.0,1044.0,508746.0
55127,WI,WALWORTH,5540.0,,1370.0,6910.0
55129,WI,WASHBURN,298.0,19.0,218020.0,218337.0
55131,WI,WASHINGTON,1944.0,,57.0,2001.0
55133,WI,WAUKESHA,1041.0,509.0,129.0,1679.0
55135,WI,WAUPACA,502.0,1056.0,32.0,1590.0
55137,WI,WAUSHARA,1431.0,287.0,,1718.0
55139,WI,WINNEBAGO,2373.0,134.0,228.0,2735.0
55141,WI,WOOD,654.0,144.0,,798.0
56001,WY,ALBANY,404.0,62.0,33.0,499.0
56003,WY,BIG HORN,,,,
56005,WY,CAMPBELL,,161.0,,161.0
56009,WY,CONVERSE,,780.0,,780.0
56011,WY,CROOK,152.0,,,152.0
56013,WY,FREMONT,1442.0,37.0,,1479.0
56015,WY,GOSHEN,158.0,137.0,,295.0
56017,WY,HOT SPRINGS,,,,
56019,WY,JOHNSON,,378.0,,378.0
56021,WY,LARAMIE,1692.0,246.0,74.0,2012.0
56023,WY,LINCOLN,,88.0,12.0,100.0
56027,WY,NIOBRARA,,,,
56029,WY,PARK,362.0,169.0,90.0,621.0
56031,WY,PLATTE,,63.0,,63.0
56033,WY,SHERIDAN,,,12.0,12.0
56035,WY,SUBLETTE,6.0,52.0,,58.0
56039,WY,TETON,1240.0,69.0,,1309.0
56041,WY,UINTA,,,,
56043,WY,WASHAKIE,,1279.0,,1279.0
56045,WY,WESTON,,,,
